Ngày,#,Loại (nghìn đồng/ lượng),Mua,Bán
10/11/2024,,,
10/11/2024,1,Hồ Chí Minh,82000,85800
10/11/2024,2,Miền Bắc,82000,85800
10/11/2024,3,Hạ Long,82000,85800
10/11/2024,4,Hải Phòng,82000,85800
10/11/2024,5,Miền Trung,82000,85800
10/11/2024,6,Huế,82000,85800
10/11/2024,7,Quảng Ngãi,82000,85800
10/11/2024,8,Nha Trang,82000,85800
10/11/2024,9,Biên Hòa,82000,85800
10/11/2024,10,Miền Tây,82000,85800
10/11/2024,11,Bạc Liêu,82000,85800
10/11/2024,12,Cà Mau,82000,85800
11/11/2024,,,
11/11/2024,1,Hồ Chí Minh,81900,85400
11/11/2024,2,Miền Bắc,81900,85400
11/11/2024,3,Hạ Long,81900,85400
11/11/2024,4,Hải Phòng,81900,85400
11/11/2024,5,Miền Trung,81900,85400
11/11/2024,6,Huế,81900,85400
11/11/2024,7,Quảng Ngãi,81900,85400
11/11/2024,8,Nha Trang,81900,85400
11/11/2024,9,Biên Hòa,81900,85400
11/11/2024,10,Miền Tây,81900,85400
11/11/2024,11,Bạc Liêu,81900,85400
11/11/2024,12,Cà Mau,81900,85400
12/11/2024,,,
12/11/2024,1,Hồ Chí Minh,80500,84000
12/11/2024,2,Miền Bắc,80500,84000
12/11/2024,3,Hạ Long,80500,84000
12/11/2024,4,Hải Phòng,80500,84000
12/11/2024,5,Miền Trung,80500,84000
12/11/2024,6,Huế,80500,84000
12/11/2024,7,Quảng Ngãi,80500,84000
12/11/2024,8,Nha Trang,80500,84000
12/11/2024,9,Biên Hòa,80500,84000
12/11/2024,10,Miền Tây,80500,84000
12/11/2024,11,Bạc Liêu,80500,84000
12/11/2024,12,Cà Mau,80500,84000
13/11/2024,,,
13/11/2024,1,Hồ Chí Minh,80500,84000
13/11/2024,2,Miền Bắc,80500,84000
13/11/2024,3,Hạ Long,80500,84000
13/11/2024,4,Hải Phòng,80500,84000
13/11/2024,5,Miền Trung,80500,84000
13/11/2024,6,Huế,80500,84000
13/11/2024,7,Quảng Ngãi,80500,84000
13/11/2024,8,Nha Trang,80500,84000
13/11/2024,9,Biên Hòa,80500,84000
13/11/2024,10,Miền Tây,80500,84000
13/11/2024,11,Bạc Liêu,80500,84000
13/11/2024,12,Cà Mau,80500,84000
14/11/2024,,,
14/11/2024,1,Hồ Chí Minh,80000,83500
14/11/2024,2,Miền Bắc,80000,83500
14/11/2024,3,Hạ Long,80000,83500
14/11/2024,4,Hải Phòng,80000,83500
14/11/2024,5,Miền Trung,80000,83500
14/11/2024,6,Huế,80000,83500
14/11/2024,7,Quảng Ngãi,80000,83500
14/11/2024,8,Nha Trang,80000,83500
14/11/2024,9,Biên Hòa,80000,83500
14/11/2024,10,Miền Tây,80000,83500
14/11/2024,11,Bạc Liêu,80000,83500
14/11/2024,12,Cà Mau,80000,83500
15/11/2024,,,
15/11/2024,1,Hồ Chí Minh,80000,83500
15/11/2024,2,Miền Bắc,80000,83500
15/11/2024,3,Hạ Long,80000,83500
15/11/2024,4,Hải Phòng,80000,83500
15/11/2024,5,Miền Trung,80000,83500
15/11/2024,6,Huế,80000,83500
15/11/2024,7,Quảng Ngãi,80000,83500
15/11/2024,8,Nha Trang,80000,83500
15/11/2024,9,Biên Hòa,80000,83500
15/11/2024,10,Miền Tây,80000,83500
15/11/2024,11,Bạc Liêu,80000,83500
15/11/2024,12,Cà Mau,80000,83500
16/11/2024,,,
16/11/2024,1,Hồ Chí Minh,80000,83500
16/11/2024,2,Miền Bắc,80000,83500
16/11/2024,3,Hạ Long,80000,83500
16/11/2024,4,Hải Phòng,80000,83500
16/11/2024,5,Miền Trung,80000,83500
16/11/2024,6,Huế,80000,83500
16/11/2024,7,Quảng Ngãi,80000,83500
16/11/2024,8,Nha Trang,80000,83500
16/11/2024,9,Biên Hòa,80000,83500
16/11/2024,10,Miền Tây,80000,83500
16/11/2024,11,Bạc Liêu,80000,83500
16/11/2024,12,Cà Mau,80000,83500
17/11/2024,,,
17/11/2024,1,Hồ Chí Minh,80000,83500
17/11/2024,2,Miền Bắc,80000,83500
17/11/2024,3,Hạ Long,80000,83500
17/11/2024,4,Hải Phòng,80000,83500
17/11/2024,5,Miền Trung,80000,83500
17/11/2024,6,Huế,80000,83500
17/11/2024,7,Quảng Ngãi,80000,83500
17/11/2024,8,Nha Trang,80000,83500
17/11/2024,9,Biên Hòa,80000,83500
17/11/2024,10,Miền Tây,80000,83500
17/11/2024,11,Bạc Liêu,80000,83500
17/11/2024,12,Cà Mau,80000,83500
18/11/2024,,,
18/11/2024,1,Hồ Chí Minh,81000,84000
18/11/2024,2,Miền Bắc,81000,84000
18/11/2024,3,Hạ Long,81000,84000
18/11/2024,4,Hải Phòng,81000,84000
18/11/2024,5,Miền Trung,81000,84000
18/11/2024,6,Huế,81000,84000
18/11/2024,7,Quảng Ngãi,81000,84000
18/11/2024,8,Nha Trang,81000,84000
18/11/2024,9,Biên Hòa,81000,84000
18/11/2024,10,Miền Tây,81000,84000
18/11/2024,11,Bạc Liêu,81000,84000
18/11/2024,12,Cà Mau,81000,84000
19/11/2024,,,
19/11/2024,1,Hồ Chí Minh,82000,85000
19/11/2024,2,Miền Bắc,82000,85000
19/11/2024,3,Hạ Long,82000,85000
19/11/2024,4,Hải Phòng,82000,85000
19/11/2024,5,Miền Trung,82000,85000
19/11/2024,6,Huế,82000,85000
19/11/2024,7,Quảng Ngãi,82000,85000
19/11/2024,8,Nha Trang,82000,85000
19/11/2024,9,Biên Hòa,82000,85000
19/11/2024,10,Miền Tây,82000,85000
19/11/2024,11,Bạc Liêu,82000,85000
19/11/2024,12,Cà Mau,82000,85000
20/11/2024,,,
20/11/2024,1,Hồ Chí Minh,82700,85700
20/11/2024,2,Miền Bắc,82700,85700
20/11/2024,3,Hạ Long,82700,85700
20/11/2024,4,Hải Phòng,82700,85700
20/11/2024,5,Miền Trung,82700,85700
20/11/2024,6,Huế,82700,85700
20/11/2024,7,Quảng Ngãi,82700,85700
20/11/2024,8,Nha Trang,82700,85700
20/11/2024,9,Biên Hòa,82700,85700
20/11/2024,10,Miền Tây,82700,85700
20/11/2024,11,Bạc Liêu,82700,85700
20/11/2024,12,Cà Mau,82700,85700
21/11/2024,,,
21/11/2024,1,Hồ Chí Minh,83700,86200
21/11/2024,2,Miền Bắc,83700,86200
21/11/2024,3,Hạ Long,83700,86200
21/11/2024,4,Hải Phòng,83700,86200
21/11/2024,5,Miền Trung,83700,86200
21/11/2024,6,Huế,83700,86200
21/11/2024,7,Quảng Ngãi,83700,86200
21/11/2024,8,Nha Trang,83700,86200
21/11/2024,9,Biên Hòa,83700,86200
21/11/2024,10,Miền Tây,83700,86200
21/11/2024,11,Bạc Liêu,83700,86200
21/11/2024,12,Cà Mau,83700,86200
22/11/2024,,,
22/11/2024,1,Hồ Chí Minh,119500,121500
22/11/2024,2,Miền Bắc,119500,121500
22/11/2024,3,Hạ Long,119500,121500
22/11/2024,4,Hải Phòng,119500,121500
22/11/2024,5,Miền Trung,119500,121500
22/11/2024,6,Huế,119500,121500
22/11/2024,7,Quảng Ngãi,119500,121500
22/11/2024,8,Nha Trang,119500,121500
22/11/2024,9,Biên Hòa,119500,121500
22/11/2024,10,Miền Tây,119500,121500
22/11/2024,11,Bạc Liêu,119500,121500
22/11/2024,12,Cà Mau,119500,121500
23/11/2024,,,
23/11/2024,1,Hồ Chí Minh,85000,87000
23/11/2024,2,Miền Bắc,85000,87000
23/11/2024,3,Hạ Long,85000,87000
23/11/2024,4,Hải Phòng,85000,87000
23/11/2024,5,Miền Trung,85000,87000
23/11/2024,6,Huế,85000,87000
23/11/2024,7,Quảng Ngãi,85000,87000
23/11/2024,8,Nha Trang,85000,87000
23/11/2024,9,Biên Hòa,85000,87000
23/11/2024,10,Miền Tây,85000,87000
23/11/2024,11,Bạc Liêu,85000,87000
23/11/2024,12,Cà Mau,85000,87000
24/11/2024,,,
24/11/2024,1,Hồ Chí Minh,85000,87000
24/11/2024,2,Miền Bắc,85000,87000
24/11/2024,3,Hạ Long,85000,87000
24/11/2024,4,Hải Phòng,85000,87000
24/11/2024,5,Miền Trung,85000,87000
24/11/2024,6,Huế,85000,87000
24/11/2024,7,Quảng Ngãi,85000,87000
24/11/2024,8,Nha Trang,85000,87000
24/11/2024,9,Biên Hòa,85000,87000
24/11/2024,10,Miền Tây,85000,87000
24/11/2024,11,Bạc Liêu,85000,87000
24/11/2024,12,Cà Mau,85000,87000
25/11/2024,,,
25/11/2024,1,Hồ Chí Minh,84600,86600
25/11/2024,2,Miền Bắc,84600,86600
25/11/2024,3,Hạ Long,84600,86600
25/11/2024,4,Hải Phòng,84600,86600
25/11/2024,5,Miền Trung,84600,86600
25/11/2024,6,Huế,84600,86600
25/11/2024,7,Quảng Ngãi,84600,86600
25/11/2024,8,Nha Trang,84600,86600
25/11/2024,9,Biên Hòa,84600,86600
25/11/2024,10,Miền Tây,84600,86600
25/11/2024,11,Bạc Liêu,84600,86600
25/11/2024,12,Cà Mau,84600,86600
26/11/2024,,,
26/11/2024,1,Hồ Chí Minh,82700,85200
26/11/2024,2,Miền Bắc,82700,85200
26/11/2024,3,Hạ Long,82700,85200
26/11/2024,4,Hải Phòng,82700,85200
26/11/2024,5,Miền Trung,82700,85200
26/11/2024,6,Huế,82700,85200
26/11/2024,7,Quảng Ngãi,82700,85200
26/11/2024,8,Nha Trang,82700,85200
26/11/2024,9,Biên Hòa,82700,85200
26/11/2024,10,Miền Tây,82700,85200
26/11/2024,11,Bạc Liêu,82700,85200
26/11/2024,12,Cà Mau,82700,85200
27/11/2024,,,
27/11/2024,1,Hồ Chí Minh,83000,85500
27/11/2024,2,Miền Bắc,83000,85500
27/11/2024,3,Hạ Long,83000,85500
27/11/2024,4,Hải Phòng,83000,85500
27/11/2024,5,Miền Trung,83000,85500
27/11/2024,6,Huế,83000,85500
27/11/2024,7,Quảng Ngãi,83000,85500
27/11/2024,8,Nha Trang,83000,85500
27/11/2024,9,Biên Hòa,83000,85500
27/11/2024,10,Miền Tây,83000,85500
27/11/2024,11,Bạc Liêu,83000,85500
27/11/2024,12,Cà Mau,83000,85500
28/11/2024,,,
28/11/2024,1,Hồ Chí Minh,82900,85400
28/11/2024,2,Miền Bắc,82900,85400
28/11/2024,3,Hạ Long,82900,85400
28/11/2024,4,Hải Phòng,82900,85400
28/11/2024,5,Miền Trung,82900,85400
28/11/2024,6,Huế,82900,85400
28/11/2024,7,Quảng Ngãi,82900,85400
28/11/2024,8,Nha Trang,82900,85400
28/11/2024,9,Biên Hòa,82900,85400
28/11/2024,10,Miền Tây,82900,85400
28/11/2024,11,Bạc Liêu,82900,85400
28/11/2024,12,Cà Mau,82900,85400
29/11/2024,,,
29/11/2024,1,Hồ Chí Minh,83300,85800
29/11/2024,2,Miền Bắc,83300,85800
29/11/2024,3,Hạ Long,83300,85800
29/11/2024,4,Hải Phòng,83300,85800
29/11/2024,5,Miền Trung,83300,85800
29/11/2024,6,Huế,83300,85800
29/11/2024,7,Quảng Ngãi,83300,85800
29/11/2024,8,Nha Trang,83300,85800
29/11/2024,9,Biên Hòa,83300,85800
29/11/2024,10,Miền Tây,83300,85800
29/11/2024,11,Bạc Liêu,83300,85800
29/11/2024,12,Cà Mau,83300,85800
30/11/2024,,,
30/11/2024,1,Hồ Chí Minh,83300,85800
30/11/2024,2,Miền Bắc,83300,85800
30/11/2024,3,Hạ Long,83300,85800
30/11/2024,4,Hải Phòng,83300,85800
30/11/2024,5,Miền Trung,83300,85800
30/11/2024,6,Huế,83300,85800
30/11/2024,7,Quảng Ngãi,83300,85800
30/11/2024,8,Nha Trang,83300,85800
30/11/2024,9,Biên Hòa,83300,85800
30/11/2024,10,Miền Tây,83300,85800
30/11/2024,11,Bạc Liêu,83300,85800
30/11/2024,12,Cà Mau,83300,85800
01/12/2024,,,
01/12/2024,1,Hồ Chí Minh,83300,85800
01/12/2024,2,Miền Bắc,83300,85800
01/12/2024,3,Hạ Long,83300,85800
01/12/2024,4,Hải Phòng,83300,85800
01/12/2024,5,Miền Trung,83300,85800
01/12/2024,6,Huế,83300,85800
01/12/2024,7,Quảng Ngãi,83300,85800
01/12/2024,8,Nha Trang,83300,85800
01/12/2024,9,Biên Hòa,83300,85800
01/12/2024,10,Miền Tây,83300,85800
01/12/2024,11,Bạc Liêu,83300,85800
01/12/2024,12,Cà Mau,83300,85800
02/12/2024,,,
02/12/2024,1,Hồ Chí Minh,82800,85300
02/12/2024,2,Miền Bắc,82800,85300
02/12/2024,3,Hạ Long,82800,85300
02/12/2024,4,Hải Phòng,82800,85300
02/12/2024,5,Miền Trung,82800,85300
02/12/2024,6,Huế,82800,85300
02/12/2024,7,Quảng Ngãi,82800,85300
02/12/2024,8,Nha Trang,82800,85300
02/12/2024,9,Biên Hòa,82800,85300
02/12/2024,10,Miền Tây,82800,85300
02/12/2024,11,Bạc Liêu,82800,85300
02/12/2024,12,Cà Mau,82800,85300
03/12/2024,,,
03/12/2024,1,Hồ Chí Minh,83000,85500
03/12/2024,2,Miền Bắc,83000,85500
03/12/2024,3,Hạ Long,83000,85500
03/12/2024,4,Hải Phòng,83000,85500
03/12/2024,5,Miền Trung,83000,85500
03/12/2024,6,Huế,83000,85500
03/12/2024,7,Quảng Ngãi,83000,85500
03/12/2024,8,Nha Trang,83000,85500
03/12/2024,9,Biên Hòa,83000,85500
03/12/2024,10,Miền Tây,83000,85500
03/12/2024,11,Bạc Liêu,83000,85500
03/12/2024,12,Cà Mau,83000,85500
04/12/2024,,,
04/12/2024,1,Hồ Chí Minh,83000,85500
04/12/2024,2,Miền Bắc,83000,85500
04/12/2024,3,Hạ Long,83000,85500
04/12/2024,4,Hải Phòng,83000,85500
04/12/2024,5,Miền Trung,83000,85500
04/12/2024,6,Huế,83000,85500
04/12/2024,7,Quảng Ngãi,83000,85500
04/12/2024,8,Nha Trang,83000,85500
04/12/2024,9,Biên Hòa,83000,85500
04/12/2024,10,Miền Tây,83000,85500
04/12/2024,11,Bạc Liêu,83000,85500
04/12/2024,12,Cà Mau,83000,85500
05/12/2024,,,
05/12/2024,1,Hồ Chí Minh,119500,121500
05/12/2024,2,Miền Bắc,119500,121500
05/12/2024,3,Hạ Long,119500,121500
05/12/2024,4,Hải Phòng,119500,121500
05/12/2024,5,Miền Trung,119500,121500
05/12/2024,6,Huế,119500,121500
05/12/2024,7,Quảng Ngãi,119500,121500
05/12/2024,8,Nha Trang,119500,121500
05/12/2024,9,Biên Hòa,119500,121500
05/12/2024,10,Miền Tây,119500,121500
05/12/2024,11,Bạc Liêu,119500,121500
05/12/2024,12,Cà Mau,119500,121500
06/12/2024,,,
06/12/2024,1,Hồ Chí Minh,82700,85200
06/12/2024,2,Miền Bắc,82700,85200
06/12/2024,3,Hạ Long,82700,85200
06/12/2024,4,Hải Phòng,82700,85200
06/12/2024,5,Miền Trung,82700,85200
06/12/2024,6,Huế,82700,85200
06/12/2024,7,Quảng Ngãi,82700,85200
06/12/2024,8,Nha Trang,82700,85200
06/12/2024,9,Biên Hòa,82700,85200
06/12/2024,10,Miền Tây,82700,85200
06/12/2024,11,Bạc Liêu,82700,85200
06/12/2024,12,Cà Mau,82700,85200
07/12/2024,,,
07/12/2024,1,Hồ Chí Minh,82700,85200
07/12/2024,2,Miền Bắc,82700,85200
07/12/2024,3,Hạ Long,82700,85200
07/12/2024,4,Hải Phòng,82700,85200
07/12/2024,5,Miền Trung,82700,85200
07/12/2024,6,Huế,82700,85200
07/12/2024,7,Quảng Ngãi,82700,85200
07/12/2024,8,Nha Trang,82700,85200
07/12/2024,9,Biên Hòa,82700,85200
07/12/2024,10,Miền Tây,82700,85200
07/12/2024,11,Bạc Liêu,82700,85200
07/12/2024,12,Cà Mau,82700,85200
08/12/2024,,,
08/12/2024,1,Hồ Chí Minh,82700,85200
08/12/2024,2,Miền Bắc,82700,85200
08/12/2024,3,Hạ Long,82700,85200
08/12/2024,4,Hải Phòng,82700,85200
08/12/2024,5,Miền Trung,82700,85200
08/12/2024,6,Huế,82700,85200
08/12/2024,7,Quảng Ngãi,82700,85200
08/12/2024,8,Nha Trang,82700,85200
08/12/2024,9,Biên Hòa,82700,85200
08/12/2024,10,Miền Tây,82700,85200
08/12/2024,11,Bạc Liêu,82700,85200
08/12/2024,12,Cà Mau,82700,85200
09/12/2024,,,
09/12/2024,1,Hồ Chí Minh,82700,85200
09/12/2024,2,Miền Bắc,82700,85200
09/12/2024,3,Hạ Long,82700,85200
09/12/2024,4,Hải Phòng,82700,85200
09/12/2024,5,Miền Trung,82700,85200
09/12/2024,6,Huế,82700,85200
09/12/2024,7,Quảng Ngãi,82700,85200
09/12/2024,8,Nha Trang,82700,85200
09/12/2024,9,Biên Hòa,82700,85200
09/12/2024,10,Miền Tây,82700,85200
09/12/2024,11,Bạc Liêu,82700,85200
09/12/2024,12,Cà Mau,82700,85200
10/12/2024,,,
10/12/2024,1,Hồ Chí Minh,83600,85600
10/12/2024,2,Miền Bắc,83600,85600
10/12/2024,3,Hạ Long,83600,85600
10/12/2024,4,Hải Phòng,83600,85600
10/12/2024,5,Miền Trung,83600,85600
10/12/2024,6,Huế,83600,85600
10/12/2024,7,Quảng Ngãi,83600,85600
10/12/2024,8,Nha Trang,83600,85600
10/12/2024,9,Biên Hòa,83600,85600
10/12/2024,10,Miền Tây,83600,85600
10/12/2024,11,Bạc Liêu,83600,85600
10/12/2024,12,Cà Mau,83600,85600
11/12/2024,,,
11/12/2024,1,Hồ Chí Minh,84400,86900
11/12/2024,2,Miền Bắc,84400,86900
11/12/2024,3,Hạ Long,84400,86900
11/12/2024,4,Hải Phòng,84400,86900
11/12/2024,5,Miền Trung,84400,86900
11/12/2024,6,Huế,84400,86900
11/12/2024,7,Quảng Ngãi,84400,86900
11/12/2024,8,Nha Trang,84400,86900
11/12/2024,9,Biên Hòa,84400,86900
11/12/2024,10,Miền Tây,84400,86900
11/12/2024,11,Bạc Liêu,84400,86900
11/12/2024,12,Cà Mau,84400,86900
12/12/2024,,,
12/12/2024,1,Hồ Chí Minh,84600,87100
12/12/2024,2,Miền Bắc,84600,87100
12/12/2024,3,Hạ Long,84600,87100
12/12/2024,4,Hải Phòng,84600,87100
12/12/2024,5,Miền Trung,84600,87100
12/12/2024,6,Huế,84600,87100
12/12/2024,7,Quảng Ngãi,84600,87100
12/12/2024,8,Nha Trang,84600,87100
12/12/2024,9,Biên Hòa,84600,87100
12/12/2024,10,Miền Tây,84600,87100
12/12/2024,11,Bạc Liêu,84600,87100
12/12/2024,12,Cà Mau,84600,87100
13/12/2024,,,
13/12/2024,1,Hồ Chí Minh,83800,86300
13/12/2024,2,Miền Bắc,83800,86300
13/12/2024,3,Hạ Long,83800,86300
13/12/2024,4,Hải Phòng,83800,86300
13/12/2024,5,Miền Trung,83800,86300
13/12/2024,6,Huế,83800,86300
13/12/2024,7,Quảng Ngãi,83800,86300
13/12/2024,8,Nha Trang,83800,86300
13/12/2024,9,Biên Hòa,83800,86300
13/12/2024,10,Miền Tây,83800,86300
13/12/2024,11,Bạc Liêu,83800,86300
13/12/2024,12,Cà Mau,83800,86300
14/12/2024,,,
14/12/2024,1,Hồ Chí Minh,83800,86300
14/12/2024,2,Miền Bắc,83800,86300
14/12/2024,3,Hạ Long,83800,86300
14/12/2024,4,Hải Phòng,83800,86300
14/12/2024,5,Miền Trung,83800,86300
14/12/2024,6,Huế,83800,86300
14/12/2024,7,Quảng Ngãi,83800,86300
14/12/2024,8,Nha Trang,83800,86300
14/12/2024,9,Biên Hòa,83800,86300
14/12/2024,10,Miền Tây,83800,86300
14/12/2024,11,Bạc Liêu,83800,86300
14/12/2024,12,Cà Mau,83800,86300
15/12/2024,,,
15/12/2024,1,Hồ Chí Minh,83800,86300
15/12/2024,2,Miền Bắc,83800,86300
15/12/2024,3,Hạ Long,83800,86300
15/12/2024,4,Hải Phòng,83800,86300
15/12/2024,5,Miền Trung,83800,86300
15/12/2024,6,Huế,83800,86300
15/12/2024,7,Quảng Ngãi,83800,86300
15/12/2024,8,Nha Trang,83800,86300
15/12/2024,9,Biên Hòa,83800,86300
15/12/2024,10,Miền Tây,83800,86300
15/12/2024,11,Bạc Liêu,83800,86300
15/12/2024,12,Cà Mau,83800,86300
16/12/2024,,,
16/12/2024,1,Hồ Chí Minh,82600,85100
16/12/2024,2,Miền Bắc,82600,85100
16/12/2024,3,Hạ Long,82600,85100
16/12/2024,4,Hải Phòng,82600,85100
16/12/2024,5,Miền Trung,82600,85100
16/12/2024,6,Huế,82600,85100
16/12/2024,7,Quảng Ngãi,82600,85100
16/12/2024,8,Nha Trang,82600,85100
16/12/2024,9,Biên Hòa,82600,85100
16/12/2024,10,Miền Tây,82600,85100
16/12/2024,11,Bạc Liêu,82600,85100
16/12/2024,12,Cà Mau,82600,85100
17/12/2024,,,
17/12/2024,1,Hồ Chí Minh,119500,121500
17/12/2024,2,Miền Bắc,119500,121500
17/12/2024,3,Hạ Long,119500,121500
17/12/2024,4,Hải Phòng,119500,121500
17/12/2024,5,Miền Trung,119500,121500
17/12/2024,6,Huế,119500,121500
17/12/2024,7,Quảng Ngãi,119500,121500
17/12/2024,8,Nha Trang,119500,121500
17/12/2024,9,Biên Hòa,119500,121500
17/12/2024,10,Miền Tây,119500,121500
17/12/2024,11,Bạc Liêu,119500,121500
17/12/2024,12,Cà Mau,119500,121500
18/12/2024,,,
18/12/2024,1,Hồ Chí Minh,83100,85100
18/12/2024,2,Miền Bắc,83100,85100
18/12/2024,3,Hạ Long,83100,85100
18/12/2024,4,Hải Phòng,83100,85100
18/12/2024,5,Miền Trung,83100,85100
18/12/2024,6,Huế,83100,85100
18/12/2024,7,Quảng Ngãi,83100,85100
18/12/2024,8,Nha Trang,83100,85100
18/12/2024,9,Biên Hòa,83100,85100
18/12/2024,10,Miền Tây,83100,85100
18/12/2024,11,Bạc Liêu,83100,85100
18/12/2024,12,Cà Mau,83100,85100
19/12/2024,,,
19/12/2024,1,Hồ Chí Minh,82100,84100
19/12/2024,2,Miền Bắc,82100,84100
19/12/2024,3,Hạ Long,82100,84100
19/12/2024,4,Hải Phòng,82100,84100
19/12/2024,5,Miền Trung,82100,84100
19/12/2024,6,Huế,82100,84100
19/12/2024,7,Quảng Ngãi,82100,84100
19/12/2024,8,Nha Trang,82100,84100
19/12/2024,9,Biên Hòa,82100,84100
19/12/2024,10,Miền Tây,82100,84100
19/12/2024,11,Bạc Liêu,82100,84100
19/12/2024,12,Cà Mau,82100,84100
20/12/2024,,,
20/12/2024,1,Hồ Chí Minh,81800,83800
20/12/2024,2,Miền Bắc,81800,83800
20/12/2024,3,Hạ Long,81800,83800
20/12/2024,4,Hải Phòng,81800,83800
20/12/2024,5,Miền Trung,81800,83800
20/12/2024,6,Huế,81800,83800
20/12/2024,7,Quảng Ngãi,81800,83800
20/12/2024,8,Nha Trang,81800,83800
20/12/2024,9,Biên Hòa,81800,83800
20/12/2024,10,Miền Tây,81800,83800
20/12/2024,11,Bạc Liêu,81800,83800
20/12/2024,12,Cà Mau,81800,83800
21/12/2024,,,
21/12/2024,1,Hồ Chí Minh,81800,83800
21/12/2024,2,Miền Bắc,81800,83800
21/12/2024,3,Hạ Long,81800,83800
21/12/2024,4,Hải Phòng,81800,83800
21/12/2024,5,Miền Trung,81800,83800
21/12/2024,6,Huế,81800,83800
21/12/2024,7,Quảng Ngãi,81800,83800
21/12/2024,8,Nha Trang,81800,83800
21/12/2024,9,Biên Hòa,81800,83800
21/12/2024,10,Miền Tây,81800,83800
21/12/2024,11,Bạc Liêu,81800,83800
21/12/2024,12,Cà Mau,81800,83800
22/12/2024,,,
22/12/2024,1,Hồ Chí Minh,81800,83800
22/12/2024,2,Miền Bắc,81800,83800
22/12/2024,3,Hạ Long,81800,83800
22/12/2024,4,Hải Phòng,81800,83800
22/12/2024,5,Miền Trung,81800,83800
22/12/2024,6,Huế,81800,83800
22/12/2024,7,Quảng Ngãi,81800,83800
22/12/2024,8,Nha Trang,81800,83800
22/12/2024,9,Biên Hòa,81800,83800
22/12/2024,10,Miền Tây,81800,83800
22/12/2024,11,Bạc Liêu,81800,83800
22/12/2024,12,Cà Mau,81800,83800
23/12/2024,,,
23/12/2024,1,Hồ Chí Minh,82500,84500
23/12/2024,2,Miền Bắc,82500,84500
23/12/2024,3,Hạ Long,82500,84500
23/12/2024,4,Hải Phòng,82500,84500
23/12/2024,5,Miền Trung,82500,84500
23/12/2024,6,Huế,82500,84500
23/12/2024,7,Quảng Ngãi,82500,84500
23/12/2024,8,Nha Trang,82500,84500
23/12/2024,9,Biên Hòa,82500,84500
23/12/2024,10,Miền Tây,82500,84500
23/12/2024,11,Bạc Liêu,82500,84500
23/12/2024,12,Cà Mau,82500,84500
24/12/2024,,,
24/12/2024,1,Hồ Chí Minh,82300,84300
24/12/2024,2,Miền Bắc,82300,84300
24/12/2024,3,Hạ Long,82300,84300
24/12/2024,4,Hải Phòng,82300,84300
24/12/2024,5,Miền Trung,82300,84300
24/12/2024,6,Huế,82300,84300
24/12/2024,7,Quảng Ngãi,82300,84300
24/12/2024,8,Nha Trang,82300,84300
24/12/2024,9,Biên Hòa,82300,84300
24/12/2024,10,Miền Tây,82300,84300
24/12/2024,11,Bạc Liêu,82300,84300
24/12/2024,12,Cà Mau,82300,84300
25/12/2024,,,
25/12/2024,1,Hồ Chí Minh,82300,84300
25/12/2024,2,Miền Bắc,82300,84300
25/12/2024,3,Hạ Long,82300,84300
25/12/2024,4,Hải Phòng,82300,84300
25/12/2024,5,Miền Trung,82300,84300
25/12/2024,6,Huế,82300,84300
25/12/2024,7,Quảng Ngãi,82300,84300
25/12/2024,8,Nha Trang,82300,84300
25/12/2024,9,Biên Hòa,82300,84300
25/12/2024,10,Miền Tây,82300,84300
25/12/2024,11,Bạc Liêu,82300,84300
25/12/2024,12,Cà Mau,82300,84300
26/12/2024,,,
26/12/2024,1,Hồ Chí Minh,82500,84500
26/12/2024,2,Miền Bắc,82500,84500
26/12/2024,3,Hạ Long,82500,84500
26/12/2024,4,Hải Phòng,82500,84500
26/12/2024,5,Miền Trung,82500,84500
26/12/2024,6,Huế,82500,84500
26/12/2024,7,Quảng Ngãi,82500,84500
26/12/2024,8,Nha Trang,82500,84500
26/12/2024,9,Biên Hòa,82500,84500
26/12/2024,10,Miền Tây,82500,84500
26/12/2024,11,Bạc Liêu,82500,84500
26/12/2024,12,Cà Mau,82500,84500
27/12/2024,,,
27/12/2024,1,Hồ Chí Minh,82700,84700
27/12/2024,2,Miền Bắc,82700,84700
27/12/2024,3,Hạ Long,82700,84700
27/12/2024,4,Hải Phòng,82700,84700
27/12/2024,5,Miền Trung,82700,84700
27/12/2024,6,Huế,82700,84700
27/12/2024,7,Quảng Ngãi,82700,84700
27/12/2024,8,Nha Trang,82700,84700
27/12/2024,9,Biên Hòa,82700,84700
27/12/2024,10,Miền Tây,82700,84700
27/12/2024,11,Bạc Liêu,82700,84700
27/12/2024,12,Cà Mau,82700,84700
28/12/2024,,,
28/12/2024,1,Hồ Chí Minh,82700,84700
28/12/2024,2,Miền Bắc,82700,84700
28/12/2024,3,Hạ Long,82700,84700
28/12/2024,4,Hải Phòng,82700,84700
28/12/2024,5,Miền Trung,82700,84700
28/12/2024,6,Huế,82700,84700
28/12/2024,7,Quảng Ngãi,82700,84700
28/12/2024,8,Nha Trang,82700,84700
28/12/2024,9,Biên Hòa,82700,84700
28/12/2024,10,Miền Tây,82700,84700
28/12/2024,11,Bạc Liêu,82700,84700
28/12/2024,12,Cà Mau,82700,84700
29/12/2024,,,
29/12/2024,1,Hồ Chí Minh,82700,84700
29/12/2024,2,Miền Bắc,82700,84700
29/12/2024,3,Hạ Long,82700,84700
29/12/2024,4,Hải Phòng,82700,84700
29/12/2024,5,Miền Trung,82700,84700
29/12/2024,6,Huế,82700,84700
29/12/2024,7,Quảng Ngãi,82700,84700
29/12/2024,8,Nha Trang,82700,84700
29/12/2024,9,Biên Hòa,82700,84700
29/12/2024,10,Miền Tây,82700,84700
29/12/2024,11,Bạc Liêu,82700,84700
29/12/2024,12,Cà Mau,82700,84700
30/12/2024,,,
30/12/2024,1,Hồ Chí Minh,119500,121500
30/12/2024,2,Miền Bắc,119500,121500
30/12/2024,3,Hạ Long,119500,121500
30/12/2024,4,Hải Phòng,119500,121500
30/12/2024,5,Miền Trung,119500,121500
30/12/2024,6,Huế,119500,121500
30/12/2024,7,Quảng Ngãi,119500,121500
30/12/2024,8,Nha Trang,119500,121500
30/12/2024,9,Biên Hòa,119500,121500
30/12/2024,10,Miền Tây,119500,121500
30/12/2024,11,Bạc Liêu,119500,121500
30/12/2024,12,Cà Mau,119500,121500
31/12/2024,,,
31/12/2024,1,Hồ Chí Minh,82200,84200
31/12/2024,2,Miền Bắc,82200,84200
31/12/2024,3,Hạ Long,82200,84200
31/12/2024,4,Hải Phòng,82200,84200
31/12/2024,5,Miền Trung,82200,84200
31/12/2024,6,Huế,82200,84200
31/12/2024,7,Quảng Ngãi,82200,84200
31/12/2024,8,Nha Trang,82200,84200
31/12/2024,9,Biên Hòa,82200,84200
31/12/2024,10,Miền Tây,82200,84200
31/12/2024,11,Bạc Liêu,82200,84200
31/12/2024,12,Cà Mau,82200,84200
01/01/2025,,,
01/01/2025,1,Hồ Chí Minh,82200,84200
01/01/2025,2,Miền Bắc,82200,84200
01/01/2025,3,Hạ Long,82200,84200
01/01/2025,4,Hải Phòng,82200,84200
01/01/2025,5,Miền Trung,82200,84200
01/01/2025,6,Huế,82200,84200
01/01/2025,7,Quảng Ngãi,82200,84200
01/01/2025,8,Nha Trang,82200,84200
01/01/2025,9,Biên Hòa,82200,84200
01/01/2025,10,Miền Tây,82200,84200
01/01/2025,11,Bạc Liêu,82200,84200
01/01/2025,12,Cà Mau,82200,84200
02/01/2025,,,
02/01/2025,1,Hồ Chí Minh,83500,85000
02/01/2025,2,Miền Bắc,83500,85000
02/01/2025,3,Hạ Long,83500,85000
02/01/2025,4,Hải Phòng,83500,85000
02/01/2025,5,Miền Trung,83500,85000
02/01/2025,6,Huế,83500,85000
02/01/2025,7,Quảng Ngãi,83500,85000
02/01/2025,8,Nha Trang,83500,85000
02/01/2025,9,Biên Hòa,83500,85000
02/01/2025,10,Miền Tây,83500,85000
02/01/2025,11,Bạc Liêu,83500,85000
02/01/2025,12,Cà Mau,83500,85000
03/01/2025,,,
03/01/2025,1,Hồ Chí Minh,84000,85500
03/01/2025,2,Miền Bắc,84000,85500
03/01/2025,3,Hạ Long,84000,85500
03/01/2025,4,Hải Phòng,84000,85500
03/01/2025,5,Miền Trung,84000,85500
03/01/2025,6,Huế,84000,85500
03/01/2025,7,Quảng Ngãi,84000,85500
03/01/2025,8,Nha Trang,84000,85500
03/01/2025,9,Biên Hòa,84000,85500
03/01/2025,10,Miền Tây,84000,85500
03/01/2025,11,Bạc Liêu,84000,85500
03/01/2025,12,Cà Mau,84000,85500
04/01/2025,,,
04/01/2025,1,Hồ Chí Minh,84000,85500
04/01/2025,2,Miền Bắc,84000,85500
04/01/2025,3,Hạ Long,84000,85500
04/01/2025,4,Hải Phòng,84000,85500
04/01/2025,5,Miền Trung,84000,85500
04/01/2025,6,Huế,84000,85500
04/01/2025,7,Quảng Ngãi,84000,85500
04/01/2025,8,Nha Trang,84000,85500
04/01/2025,9,Biên Hòa,84000,85500
04/01/2025,10,Miền Tây,84000,85500
04/01/2025,11,Bạc Liêu,84000,85500
04/01/2025,12,Cà Mau,84000,85500
05/01/2025,,,
05/01/2025,1,Hồ Chí Minh,84000,85500
05/01/2025,2,Miền Bắc,84000,85500
05/01/2025,3,Hạ Long,84000,85500
05/01/2025,4,Hải Phòng,84000,85500
05/01/2025,5,Miền Trung,84000,85500
05/01/2025,6,Huế,84000,85500
05/01/2025,7,Quảng Ngãi,84000,85500
05/01/2025,8,Nha Trang,84000,85500
05/01/2025,9,Biên Hòa,84000,85500
05/01/2025,10,Miền Tây,84000,85500
05/01/2025,11,Bạc Liêu,84000,85500
05/01/2025,12,Cà Mau,84000,85500
06/01/2025,,,
06/01/2025,1,Hồ Chí Minh,83500,85000
06/01/2025,2,Miền Bắc,83500,85000
06/01/2025,3,Hạ Long,83500,85000
06/01/2025,4,Hải Phòng,83500,85000
06/01/2025,5,Miền Trung,83500,85000
06/01/2025,6,Huế,83500,85000
06/01/2025,7,Quảng Ngãi,83500,85000
06/01/2025,8,Nha Trang,83500,85000
06/01/2025,9,Biên Hòa,83500,85000
06/01/2025,10,Miền Tây,83500,85000
06/01/2025,11,Bạc Liêu,83500,85000
06/01/2025,12,Cà Mau,83500,85000
07/01/2025,,,
07/01/2025,1,Hồ Chí Minh,83800,85300
07/01/2025,2,Miền Bắc,83800,85300
07/01/2025,3,Hạ Long,83800,85300
07/01/2025,4,Hải Phòng,83800,85300
07/01/2025,5,Miền Trung,83800,85300
07/01/2025,6,Huế,83800,85300
07/01/2025,7,Quảng Ngãi,83800,85300
07/01/2025,8,Nha Trang,83800,85300
07/01/2025,9,Biên Hòa,83800,85300
07/01/2025,10,Miền Tây,83800,85300
07/01/2025,11,Bạc Liêu,83800,85300
07/01/2025,12,Cà Mau,83800,85300
08/01/2025,,,
08/01/2025,1,Hồ Chí Minh,84000,85500
08/01/2025,2,Miền Bắc,84000,85500
08/01/2025,3,Hạ Long,84000,85500
08/01/2025,4,Hải Phòng,84000,85500
08/01/2025,5,Miền Trung,84000,85500
08/01/2025,6,Huế,84000,85500
08/01/2025,7,Quảng Ngãi,84000,85500
08/01/2025,8,Nha Trang,84000,85500
08/01/2025,9,Biên Hòa,84000,85500
08/01/2025,10,Miền Tây,84000,85500
08/01/2025,11,Bạc Liêu,84000,85500
08/01/2025,12,Cà Mau,84000,85500
09/01/2025,,,
09/01/2025,1,Hồ Chí Minh,84500,86000
09/01/2025,2,Miền Bắc,84500,86000
09/01/2025,3,Hạ Long,84500,86000
09/01/2025,4,Hải Phòng,84500,86000
09/01/2025,5,Miền Trung,84500,86000
09/01/2025,6,Huế,84500,86000
09/01/2025,7,Quảng Ngãi,84500,86000
09/01/2025,8,Nha Trang,84500,86000
09/01/2025,9,Biên Hòa,84500,86000
09/01/2025,10,Miền Tây,84500,86000
09/01/2025,11,Bạc Liêu,84500,86000
09/01/2025,12,Cà Mau,84500,86000
10/01/2025,,,
10/01/2025,1,Hồ Chí Minh,84700,86200
10/01/2025,2,Miền Bắc,84700,86200
10/01/2025,3,Hạ Long,84700,86200
10/01/2025,4,Hải Phòng,84700,86200
10/01/2025,5,Miền Trung,84700,86200
10/01/2025,6,Huế,84700,86200
10/01/2025,7,Quảng Ngãi,84700,86200
10/01/2025,8,Nha Trang,84700,86200
10/01/2025,9,Biên Hòa,84700,86200
10/01/2025,10,Miền Tây,84700,86200
10/01/2025,11,Bạc Liêu,84700,86200
10/01/2025,12,Cà Mau,84700,86200
11/01/2025,,,
11/01/2025,1,Hồ Chí Minh,84800,86800
11/01/2025,2,Miền Bắc,84800,86800
11/01/2025,3,Hạ Long,84800,86800
11/01/2025,4,Hải Phòng,84800,86800
11/01/2025,5,Miền Trung,84800,86800
11/01/2025,6,Huế,84800,86800
11/01/2025,7,Quảng Ngãi,84800,86800
11/01/2025,8,Nha Trang,84800,86800
11/01/2025,9,Biên Hòa,84800,86800
11/01/2025,10,Miền Tây,84800,86800
11/01/2025,11,Bạc Liêu,84800,86800
11/01/2025,12,Cà Mau,84800,86800
12/01/2025,,,
12/01/2025,1,Hồ Chí Minh,119500,121500
12/01/2025,2,Miền Bắc,119500,121500
12/01/2025,3,Hạ Long,119500,121500
12/01/2025,4,Hải Phòng,119500,121500
12/01/2025,5,Miền Trung,119500,121500
12/01/2025,6,Huế,119500,121500
12/01/2025,7,Quảng Ngãi,119500,121500
12/01/2025,8,Nha Trang,119500,121500
12/01/2025,9,Biên Hòa,119500,121500
12/01/2025,10,Miền Tây,119500,121500
12/01/2025,11,Bạc Liêu,119500,121500
12/01/2025,12,Cà Mau,119500,121500
13/01/2025,,,
13/01/2025,1,Hồ Chí Minh,84800,86800
13/01/2025,2,Miền Bắc,84800,86800
13/01/2025,3,Hạ Long,84800,86800
13/01/2025,4,Hải Phòng,84800,86800
13/01/2025,5,Miền Trung,84800,86800
13/01/2025,6,Huế,84800,86800
13/01/2025,7,Quảng Ngãi,84800,86800
13/01/2025,8,Nha Trang,84800,86800
13/01/2025,9,Biên Hòa,84800,86800
13/01/2025,10,Miền Tây,84800,86800
13/01/2025,11,Bạc Liêu,84800,86800
13/01/2025,12,Cà Mau,84800,86800
14/01/2025,,,
14/01/2025,1,Hồ Chí Minh,84400,86400
14/01/2025,2,Miền Bắc,84400,86400
14/01/2025,3,Hạ Long,84400,86400
14/01/2025,4,Hải Phòng,84400,86400
14/01/2025,5,Miền Trung,84400,86400
14/01/2025,6,Huế,84400,86400
14/01/2025,7,Quảng Ngãi,84400,86400
14/01/2025,8,Nha Trang,84400,86400
14/01/2025,9,Biên Hòa,84400,86400
14/01/2025,10,Miền Tây,84400,86400
14/01/2025,11,Bạc Liêu,84400,86400
14/01/2025,12,Cà Mau,84400,86400
15/01/2025,,,
15/01/2025,1,Hồ Chí Minh,84600,86600
15/01/2025,2,Miền Bắc,84600,86600
15/01/2025,3,Hạ Long,84600,86600
15/01/2025,4,Hải Phòng,84600,86600
15/01/2025,5,Miền Trung,84600,86600
15/01/2025,6,Huế,84600,86600
15/01/2025,7,Quảng Ngãi,84600,86600
15/01/2025,8,Nha Trang,84600,86600
15/01/2025,9,Biên Hòa,84600,86600
15/01/2025,10,Miền Tây,84600,86600
15/01/2025,11,Bạc Liêu,84600,86600
15/01/2025,12,Cà Mau,84600,86600
16/01/2025,,,
16/01/2025,1,Hồ Chí Minh,85000,87000
16/01/2025,2,Miền Bắc,85000,87000
16/01/2025,3,Hạ Long,85000,87000
16/01/2025,4,Hải Phòng,85000,87000
16/01/2025,5,Miền Trung,85000,87000
16/01/2025,6,Huế,85000,87000
16/01/2025,7,Quảng Ngãi,85000,87000
16/01/2025,8,Nha Trang,85000,87000
16/01/2025,9,Biên Hòa,85000,87000
16/01/2025,10,Miền Tây,85000,87000
16/01/2025,11,Bạc Liêu,85000,87000
16/01/2025,12,Cà Mau,85000,87000
17/01/2025,,,
17/01/2025,1,Hồ Chí Minh,85300,87300
17/01/2025,2,Miền Bắc,85300,87300
17/01/2025,3,Hạ Long,85300,87300
17/01/2025,4,Hải Phòng,85300,87300
17/01/2025,5,Miền Trung,85300,87300
17/01/2025,6,Huế,85300,87300
17/01/2025,7,Quảng Ngãi,85300,87300
17/01/2025,8,Nha Trang,85300,87300
17/01/2025,9,Biên Hòa,85300,87300
17/01/2025,10,Miền Tây,85300,87300
17/01/2025,11,Bạc Liêu,85300,87300
17/01/2025,12,Cà Mau,85300,87300
18/01/2025,,,
18/01/2025,1,Hồ Chí Minh,84900,86900
18/01/2025,2,Miền Bắc,84900,86900
18/01/2025,3,Hạ Long,84900,86900
18/01/2025,4,Hải Phòng,84900,86900
18/01/2025,5,Miền Trung,84900,86900
18/01/2025,6,Huế,84900,86900
18/01/2025,7,Quảng Ngãi,84900,86900
18/01/2025,8,Nha Trang,84900,86900
18/01/2025,9,Biên Hòa,84900,86900
18/01/2025,10,Miền Tây,84900,86900
18/01/2025,11,Bạc Liêu,84900,86900
18/01/2025,12,Cà Mau,84900,86900
19/01/2025,,,
19/01/2025,1,Hồ Chí Minh,84900,86900
19/01/2025,2,Miền Bắc,84900,86900
19/01/2025,3,Hạ Long,84900,86900
19/01/2025,4,Hải Phòng,84900,86900
19/01/2025,5,Miền Trung,84900,86900
19/01/2025,6,Huế,84900,86900
19/01/2025,7,Quảng Ngãi,84900,86900
19/01/2025,8,Nha Trang,84900,86900
19/01/2025,9,Biên Hòa,84900,86900
19/01/2025,10,Miền Tây,84900,86900
19/01/2025,11,Bạc Liêu,84900,86900
19/01/2025,12,Cà Mau,84900,86900
20/01/2025,,,
20/01/2025,1,Hồ Chí Minh,84900,86900
20/01/2025,2,Miền Bắc,84900,86900
20/01/2025,3,Hạ Long,84900,86900
20/01/2025,4,Hải Phòng,84900,86900
20/01/2025,5,Miền Trung,84900,86900
20/01/2025,6,Huế,84900,86900
20/01/2025,7,Quảng Ngãi,84900,86900
20/01/2025,8,Nha Trang,84900,86900
20/01/2025,9,Biên Hòa,84900,86900
20/01/2025,10,Miền Tây,84900,86900
20/01/2025,11,Bạc Liêu,84900,86900
20/01/2025,12,Cà Mau,84900,86900
21/01/2025,,,
21/01/2025,1,Hồ Chí Minh,85500,87500
21/01/2025,2,Miền Bắc,85500,87500
21/01/2025,3,Hạ Long,85500,87500
21/01/2025,4,Hải Phòng,85500,87500
21/01/2025,5,Miền Trung,85500,87500
21/01/2025,6,Huế,85500,87500
21/01/2025,7,Quảng Ngãi,85500,87500
21/01/2025,8,Nha Trang,85500,87500
21/01/2025,9,Biên Hòa,85500,87500
21/01/2025,10,Miền Tây,85500,87500
21/01/2025,11,Bạc Liêu,85500,87500
21/01/2025,12,Cà Mau,85500,87500
22/01/2025,,,
22/01/2025,1,Hồ Chí Minh,86200,88200
22/01/2025,2,Miền Bắc,86200,88200
22/01/2025,3,Hạ Long,86200,88200
22/01/2025,4,Hải Phòng,86200,88200
22/01/2025,5,Miền Trung,86200,88200
22/01/2025,6,Huế,86200,88200
22/01/2025,7,Quảng Ngãi,86200,88200
22/01/2025,8,Nha Trang,86200,88200
22/01/2025,9,Biên Hòa,86200,88200
22/01/2025,10,Miền Tây,86200,88200
22/01/2025,11,Bạc Liêu,86200,88200
22/01/2025,12,Cà Mau,86200,88200
23/01/2025,,,
23/01/2025,1,Hồ Chí Minh,86100,88100
23/01/2025,2,Miền Bắc,86100,88100
23/01/2025,3,Hạ Long,86100,88100
23/01/2025,4,Hải Phòng,86100,88100
23/01/2025,5,Miền Trung,86100,88100
23/01/2025,6,Huế,86100,88100
23/01/2025,7,Quảng Ngãi,86100,88100
23/01/2025,8,Nha Trang,86100,88100
23/01/2025,9,Biên Hòa,86100,88100
23/01/2025,10,Miền Tây,86100,88100
23/01/2025,11,Bạc Liêu,86100,88100
23/01/2025,12,Cà Mau,86100,88100
24/01/2025,,,
24/01/2025,1,Hồ Chí Minh,86800,88800
24/01/2025,2,Miền Bắc,86800,88800
24/01/2025,3,Hạ Long,86600,88800
24/01/2025,4,Hải Phòng,86800,88800
24/01/2025,5,Miền Trung,86800,88800
24/01/2025,6,Huế,86800,88800
24/01/2025,7,Quảng Ngãi,86800,88800
24/01/2025,8,Nha Trang,86800,88800
24/01/2025,9,Biên Hòa,86800,88800
24/01/2025,10,Miền Tây,86800,88800
24/01/2025,11,Bạc Liêu,86800,88800
24/01/2025,12,Cà Mau,86800,88800
25/01/2025,,,
25/01/2025,1,Hồ Chí Minh,119500,121500
25/01/2025,2,Miền Bắc,119500,121500
25/01/2025,3,Hạ Long,119500,121500
25/01/2025,4,Hải Phòng,119500,121500
25/01/2025,5,Miền Trung,119500,121500
25/01/2025,6,Huế,119500,121500
25/01/2025,7,Quảng Ngãi,119500,121500
25/01/2025,8,Nha Trang,119500,121500
25/01/2025,9,Biên Hòa,119500,121500
25/01/2025,10,Miền Tây,119500,121500
25/01/2025,11,Bạc Liêu,119500,121500
25/01/2025,12,Cà Mau,119500,121500
26/01/2025,,,
26/01/2025,1,Hồ Chí Minh,86800,88800
26/01/2025,2,Miền Bắc,86800,88800
26/01/2025,3,Hạ Long,86300,88800
26/01/2025,4,Hải Phòng,86800,88800
26/01/2025,5,Miền Trung,86800,88800
26/01/2025,6,Huế,86800,88800
26/01/2025,7,Quảng Ngãi,86800,88800
26/01/2025,8,Nha Trang,86800,88800
26/01/2025,9,Biên Hòa,86800,88800
26/01/2025,10,Miền Tây,86800,88800
26/01/2025,11,Bạc Liêu,86800,88800
26/01/2025,12,Cà Mau,86800,88800
27/01/2025,,,
27/01/2025,1,Hồ Chí Minh,86800,88800
27/01/2025,2,Miền Bắc,86800,88800
27/01/2025,3,Hạ Long,86300,88800
27/01/2025,4,Hải Phòng,86800,88800
27/01/2025,5,Miền Trung,86800,88800
27/01/2025,6,Huế,86800,88800
27/01/2025,7,Quảng Ngãi,86800,88800
27/01/2025,8,Nha Trang,86800,88800
27/01/2025,9,Biên Hòa,86800,88800
27/01/2025,10,Miền Tây,86800,88800
27/01/2025,11,Bạc Liêu,86800,88800
27/01/2025,12,Cà Mau,86800,88800
28/01/2025,,,
28/01/2025,1,Hồ Chí Minh,86800,88800
28/01/2025,2,Miền Bắc,86800,88800
28/01/2025,3,Hạ Long,86300,88800
28/01/2025,4,Hải Phòng,86800,88800
28/01/2025,5,Miền Trung,86800,88800
28/01/2025,6,Huế,86800,88800
28/01/2025,7,Quảng Ngãi,86800,88800
28/01/2025,8,Nha Trang,86800,88800
28/01/2025,9,Biên Hòa,86800,88800
28/01/2025,10,Miền Tây,86800,88800
28/01/2025,11,Bạc Liêu,86800,88800
28/01/2025,12,Cà Mau,86800,88800
29/01/2025,,,
29/01/2025,1,Hồ Chí Minh,86800,88800
29/01/2025,2,Miền Bắc,86800,88800
29/01/2025,3,Hạ Long,86300,88800
29/01/2025,4,Hải Phòng,86800,88800
29/01/2025,5,Miền Trung,86800,88800
29/01/2025,6,Huế,86800,88800
29/01/2025,7,Quảng Ngãi,86800,88800
29/01/2025,8,Nha Trang,86800,88800
29/01/2025,9,Biên Hòa,86800,88800
29/01/2025,10,Miền Tây,86800,88800
29/01/2025,11,Bạc Liêu,86800,88800
29/01/2025,12,Cà Mau,86800,88800
30/01/2025,,,
30/01/2025,1,Hồ Chí Minh,86800,88800
30/01/2025,2,Miền Bắc,86800,88800
30/01/2025,3,Hạ Long,86300,88800
30/01/2025,4,Hải Phòng,86800,88800
30/01/2025,5,Miền Trung,86800,88800
30/01/2025,6,Huế,86800,88800
30/01/2025,7,Quảng Ngãi,86800,88800
30/01/2025,8,Nha Trang,86800,88800
30/01/2025,9,Biên Hòa,86800,88800
30/01/2025,10,Miền Tây,86800,88800
30/01/2025,11,Bạc Liêu,86800,88800
30/01/2025,12,Cà Mau,86800,88800
31/01/2025,,,
31/01/2025,1,Hồ Chí Minh,86800,88800
31/01/2025,2,Miền Bắc,86800,88800
31/01/2025,3,Hạ Long,86300,88800
31/01/2025,4,Hải Phòng,86800,88800
31/01/2025,5,Miền Trung,86800,88800
31/01/2025,6,Huế,86800,88800
31/01/2025,7,Quảng Ngãi,86800,88800
31/01/2025,8,Nha Trang,86800,88800
31/01/2025,9,Biên Hòa,86800,88800
31/01/2025,10,Miền Tây,86800,88800
31/01/2025,11,Bạc Liêu,86800,88800
31/01/2025,12,Cà Mau,86800,88800
01/02/2025,,,
01/02/2025,1,Hồ Chí Minh,86800,88800
01/02/2025,2,Miền Bắc,86800,88800
01/02/2025,3,Hạ Long,86800,89400
01/02/2025,4,Hải Phòng,86800,88800
01/02/2025,5,Miền Trung,86800,88800
01/02/2025,6,Huế,86800,88800
01/02/2025,7,Quảng Ngãi,86800,88800
01/02/2025,8,Nha Trang,86800,88800
01/02/2025,9,Biên Hòa,86800,88800
01/02/2025,10,Miền Tây,86800,88800
01/02/2025,11,Bạc Liêu,86800,88800
01/02/2025,12,Cà Mau,86800,88800
02/02/2025,,,
02/02/2025,1,Hồ Chí Minh,86800,88800
02/02/2025,2,Miền Bắc,86800,88800
02/02/2025,3,Hạ Long,86800,89400
02/02/2025,4,Hải Phòng,86800,88800
02/02/2025,5,Miền Trung,86800,88800
02/02/2025,6,Huế,86800,88800
02/02/2025,7,Quảng Ngãi,86800,88800
02/02/2025,8,Nha Trang,86800,88800
02/02/2025,9,Biên Hòa,86800,88800
02/02/2025,10,Miền Tây,86800,88800
02/02/2025,11,Bạc Liêu,86800,88800
02/02/2025,12,Cà Mau,86800,88800
03/02/2025,,,
03/02/2025,1,Hồ Chí Minh,87800,89800
03/02/2025,2,Miền Bắc,87800,89800
03/02/2025,3,Hạ Long,87800,89800
03/02/2025,4,Hải Phòng,87800,89800
03/02/2025,5,Miền Trung,87800,89800
03/02/2025,6,Huế,87800,89800
03/02/2025,7,Quảng Ngãi,87800,89800
03/02/2025,8,Nha Trang,87800,89800
03/02/2025,9,Biên Hòa,87800,89800
03/02/2025,10,Miền Tây,87800,89800
03/02/2025,11,Bạc Liêu,87800,89800
03/02/2025,12,Cà Mau,87800,89800
04/02/2025,,,
04/02/2025,1,Hồ Chí Minh,87600,90100
04/02/2025,2,Miền Bắc,87600,90100
04/02/2025,3,Hạ Long,87600,90100
04/02/2025,4,Hải Phòng,87600,90100
04/02/2025,5,Miền Trung,87600,90100
04/02/2025,6,Huế,87600,90100
04/02/2025,7,Quảng Ngãi,88100,90600
04/02/2025,8,Nha Trang,87600,90100
04/02/2025,9,Biên Hòa,87600,90100
04/02/2025,10,Miền Tây,87600,90100
04/02/2025,11,Bạc Liêu,87600,90100
04/02/2025,12,Cà Mau,87600,90100
05/02/2025,,,
05/02/2025,1,Hồ Chí Minh,88000,91000
05/02/2025,2,Miền Bắc,88000,91000
05/02/2025,3,Hạ Long,88000,91000
05/02/2025,4,Hải Phòng,88000,91000
05/02/2025,5,Miền Trung,88000,91000
05/02/2025,6,Huế,88000,91000
05/02/2025,7,Quảng Ngãi,88000,91000
05/02/2025,8,Nha Trang,88000,91000
05/02/2025,9,Biên Hòa,88000,91000
05/02/2025,10,Miền Tây,88000,91000
05/02/2025,11,Bạc Liêu,88000,91000
05/02/2025,12,Cà Mau,88000,91000
06/02/2025,,,
06/02/2025,1,Hồ Chí Minh,86400,89600
06/02/2025,2,Miền Bắc,86400,89600
06/02/2025,3,Hạ Long,86400,89600
06/02/2025,4,Hải Phòng,86400,89600
06/02/2025,5,Miền Trung,86400,89600
06/02/2025,6,Huế,86400,89600
06/02/2025,7,Quảng Ngãi,86400,89600
06/02/2025,8,Nha Trang,86400,89600
06/02/2025,9,Biên Hòa,86400,89600
06/02/2025,10,Miền Tây,86400,89600
06/02/2025,11,Bạc Liêu,86400,89600
06/02/2025,12,Cà Mau,86400,89600
07/02/2025,,,
07/02/2025,1,Hồ Chí Minh,86800,90300
07/02/2025,2,Miền Bắc,86800,90300
07/02/2025,3,Hạ Long,86800,90300
07/02/2025,4,Hải Phòng,86800,90300
07/02/2025,5,Miền Trung,86800,90300
07/02/2025,6,Huế,86800,90300
07/02/2025,7,Quảng Ngãi,86800,90300
07/02/2025,8,Nha Trang,86800,90300
07/02/2025,9,Biên Hòa,86800,90300
07/02/2025,10,Miền Tây,86800,90300
07/02/2025,11,Bạc Liêu,86800,90300
07/02/2025,12,Cà Mau,86800,90300
08/02/2025,,,
08/02/2025,1,Hồ Chí Minh,86800,90300
08/02/2025,2,Miền Bắc,86800,90300
08/02/2025,3,Hạ Long,86800,90300
08/02/2025,4,Hải Phòng,86800,90300
08/02/2025,5,Miền Trung,86800,90300
08/02/2025,6,Huế,86800,90300
08/02/2025,7,Quảng Ngãi,86800,90300
08/02/2025,8,Nha Trang,86800,90300
08/02/2025,9,Biên Hòa,86800,90300
08/02/2025,10,Miền Tây,86800,90300
08/02/2025,11,Bạc Liêu,86800,90300
08/02/2025,12,Cà Mau,86800,90300
09/02/2025,,,
09/02/2025,1,Hồ Chí Minh,86800,90300
09/02/2025,2,Miền Bắc,86800,90300
09/02/2025,3,Hạ Long,86800,90300
09/02/2025,4,Hải Phòng,86800,90300
09/02/2025,5,Miền Trung,86800,90300
09/02/2025,6,Huế,86800,90300
09/02/2025,7,Quảng Ngãi,86800,90300
09/02/2025,8,Nha Trang,86800,90300
09/02/2025,9,Biên Hòa,86800,90300
09/02/2025,10,Miền Tây,86800,90300
09/02/2025,11,Bạc Liêu,86800,90300
09/02/2025,12,Cà Mau,86800,90300
10/02/2025,,,
10/02/2025,1,Hồ Chí Minh,88300,91300
10/02/2025,2,Miền Bắc,88300,91300
10/02/2025,3,Hạ Long,88300,91300
10/02/2025,4,Hải Phòng,88300,91300
10/02/2025,5,Miền Trung,88300,91300
10/02/2025,6,Huế,88300,91300
10/02/2025,7,Quảng Ngãi,88300,91300
10/02/2025,8,Nha Trang,88300,91300
10/02/2025,9,Biên Hòa,88300,91300
10/02/2025,10,Miền Tây,88300,91300
10/02/2025,11,Bạc Liêu,88300,91300
10/02/2025,12,Cà Mau,88300,91300
11/02/2025,,,
11/02/2025,1,Hồ Chí Minh,88000,90500
11/02/2025,2,Miền Bắc,88000,90500
11/02/2025,3,Hạ Long,88000,90500
11/02/2025,4,Hải Phòng,88000,90500
11/02/2025,5,Miền Trung,88000,90500
11/02/2025,6,Huế,88000,90500
11/02/2025,7,Quảng Ngãi,88000,90500
11/02/2025,8,Nha Trang,88000,90500
11/02/2025,9,Biên Hòa,88000,90500
11/02/2025,10,Miền Tây,88000,90500
11/02/2025,11,Bạc Liêu,88000,90500
11/02/2025,12,Cà Mau,88000,90500
12/02/2025,,,
12/02/2025,1,Hồ Chí Minh,86700,90200
12/02/2025,2,Miền Bắc,86700,90200
12/02/2025,3,Hạ Long,86700,90200
12/02/2025,4,Hải Phòng,86700,90200
12/02/2025,5,Miền Trung,86700,90200
12/02/2025,6,Huế,86700,90200
12/02/2025,7,Quảng Ngãi,86700,90200
12/02/2025,8,Nha Trang,86700,90200
12/02/2025,9,Biên Hòa,86700,90200
12/02/2025,10,Miền Tây,86700,90200
12/02/2025,11,Bạc Liêu,86700,90200
12/02/2025,12,Cà Mau,86700,90200
13/02/2025,,,
13/02/2025,1,Hồ Chí Minh,87700,90700
13/02/2025,2,Miền Bắc,87700,90700
13/02/2025,3,Hạ Long,87700,90700
13/02/2025,4,Hải Phòng,87700,90700
13/02/2025,5,Miền Trung,87700,90700
13/02/2025,6,Huế,87700,90700
13/02/2025,7,Quảng Ngãi,87700,90700
13/02/2025,8,Nha Trang,87700,90700
13/02/2025,9,Biên Hòa,87700,90700
13/02/2025,10,Miền Tây,87700,90700
13/02/2025,11,Bạc Liêu,87700,90700
13/02/2025,12,Cà Mau,87700,90700
14/02/2025,,,
14/02/2025,1,Hồ Chí Minh,88300,91300
14/02/2025,2,Miền Bắc,88300,91300
14/02/2025,3,Hạ Long,88300,91300
14/02/2025,4,Hải Phòng,88300,91300
14/02/2025,5,Miền Trung,88300,91300
14/02/2025,6,Huế,88300,91300
14/02/2025,7,Quảng Ngãi,88300,91300
14/02/2025,8,Nha Trang,88300,91300
14/02/2025,9,Biên Hòa,88300,91300
14/02/2025,10,Miền Tây,88300,91300
14/02/2025,11,Bạc Liêu,88300,91300
14/02/2025,12,Cà Mau,88300,91300
15/02/2025,,,
15/02/2025,1,Hồ Chí Minh,87300,90300
15/02/2025,2,Miền Bắc,87300,90300
15/02/2025,3,Hạ Long,87300,90300
15/02/2025,4,Hải Phòng,87300,90300
15/02/2025,5,Miền Trung,87300,90300
15/02/2025,6,Huế,87300,90300
15/02/2025,7,Quảng Ngãi,87300,90300
15/02/2025,8,Nha Trang,87300,90300
15/02/2025,9,Biên Hòa,87300,90300
15/02/2025,10,Miền Tây,87300,90300
15/02/2025,11,Bạc Liêu,87300,90300
15/02/2025,12,Cà Mau,87300,90300
16/02/2025,,,
16/02/2025,1,Hồ Chí Minh,87300,90300
16/02/2025,2,Miền Bắc,87300,90300
16/02/2025,3,Hạ Long,87300,90300
16/02/2025,4,Hải Phòng,87300,90300
16/02/2025,5,Miền Trung,87300,90300
16/02/2025,6,Huế,87300,90300
16/02/2025,7,Quảng Ngãi,87300,90300
16/02/2025,8,Nha Trang,87300,90300
16/02/2025,9,Biên Hòa,87300,90300
16/02/2025,10,Miền Tây,87300,90300
16/02/2025,11,Bạc Liêu,87300,90300
16/02/2025,12,Cà Mau,87300,90300
17/02/2025,,,
17/02/2025,1,Hồ Chí Minh,87600,90600
17/02/2025,2,Miền Bắc,87600,90600
17/02/2025,3,Hạ Long,87600,90600
17/02/2025,4,Hải Phòng,87600,90600
17/02/2025,5,Miền Trung,87600,90600
17/02/2025,6,Huế,87600,90600
17/02/2025,7,Quảng Ngãi,87600,90600
17/02/2025,8,Nha Trang,87600,90600
17/02/2025,9,Biên Hòa,87600,90600
17/02/2025,10,Miền Tây,87600,90600
17/02/2025,11,Bạc Liêu,87600,90600
17/02/2025,12,Cà Mau,87600,90600
18/02/2025,,,
18/02/2025,1,Hồ Chí Minh,88600,91100
18/02/2025,2,Miền Bắc,88600,91100
18/02/2025,3,Hạ Long,88600,91100
18/02/2025,4,Hải Phòng,88600,91100
18/02/2025,5,Miền Trung,88600,91100
18/02/2025,6,Huế,88600,91100
18/02/2025,7,Quảng Ngãi,88600,91100
18/02/2025,8,Nha Trang,88600,91100
18/02/2025,9,Biên Hòa,88600,91100
18/02/2025,10,Miền Tây,88600,91100
18/02/2025,11,Bạc Liêu,88600,91100
18/02/2025,12,Cà Mau,88600,91100
19/02/2025,,,
19/02/2025,1,Hồ Chí Minh,119500,121500
19/02/2025,2,Miền Bắc,119500,121500
19/02/2025,3,Hạ Long,119500,121500
19/02/2025,4,Hải Phòng,119500,121500
19/02/2025,5,Miền Trung,119500,121500
19/02/2025,6,Huế,119500,121500
19/02/2025,7,Quảng Ngãi,119500,121500
19/02/2025,8,Nha Trang,119500,121500
19/02/2025,9,Biên Hòa,119500,121500
19/02/2025,10,Miền Tây,119500,121500
19/02/2025,11,Bạc Liêu,119500,121500
19/02/2025,12,Cà Mau,119500,121500
20/02/2025,,,
20/02/2025,1,Hồ Chí Minh,90000,92300
20/02/2025,2,Miền Bắc,90000,92300
20/02/2025,3,Hạ Long,90000,92300
20/02/2025,4,Hải Phòng,90000,92300
20/02/2025,5,Miền Trung,90000,92300
20/02/2025,6,Huế,90000,92300
20/02/2025,7,Quảng Ngãi,90000,92300
20/02/2025,8,Nha Trang,90000,92300
20/02/2025,9,Biên Hòa,90000,92300
20/02/2025,10,Miền Tây,90000,92300
20/02/2025,11,Bạc Liêu,90000,92300
20/02/2025,12,Cà Mau,90000,92300
21/02/2025,,,
21/02/2025,1,Hồ Chí Minh,89400,91700
21/02/2025,2,Miền Bắc,89400,91700
21/02/2025,3,Hạ Long,89400,91700
21/02/2025,4,Hải Phòng,89400,91700
21/02/2025,5,Miền Trung,89400,91700
21/02/2025,6,Huế,89400,91700
21/02/2025,7,Quảng Ngãi,89400,91700
21/02/2025,8,Nha Trang,89400,91700
21/02/2025,9,Biên Hòa,89400,91700
21/02/2025,10,Miền Tây,89400,91700
21/02/2025,11,Bạc Liêu,89400,91700
21/02/2025,12,Cà Mau,89400,91700
22/02/2025,,,
22/02/2025,1,Hồ Chí Minh,89400,91700
22/02/2025,2,Miền Bắc,89400,91700
22/02/2025,3,Hạ Long,89700,92000
22/02/2025,4,Hải Phòng,89400,91700
22/02/2025,5,Miền Trung,89400,91700
22/02/2025,6,Huế,89400,91700
22/02/2025,7,Quảng Ngãi,89400,91700
22/02/2025,8,Nha Trang,89400,91700
22/02/2025,9,Biên Hòa,89400,91700
22/02/2025,10,Miền Tây,89400,91700
22/02/2025,11,Bạc Liêu,89400,91700
22/02/2025,12,Cà Mau,89400,91700
23/02/2025,,,
23/02/2025,1,Hồ Chí Minh,89400,91700
23/02/2025,2,Miền Bắc,89400,91700
23/02/2025,3,Hạ Long,89700,92000
23/02/2025,4,Hải Phòng,89400,91700
23/02/2025,5,Miền Trung,89400,91700
23/02/2025,6,Huế,89400,91700
23/02/2025,7,Quảng Ngãi,89400,91700
23/02/2025,8,Nha Trang,89400,91700
23/02/2025,9,Biên Hòa,89400,91700
23/02/2025,10,Miền Tây,89400,91700
23/02/2025,11,Bạc Liêu,89400,91700
23/02/2025,12,Cà Mau,89400,91700
24/02/2025,,,
24/02/2025,1,Hồ Chí Minh,89700,92000
24/02/2025,2,Miền Bắc,89700,92000
24/02/2025,3,Hạ Long,89700,92000
24/02/2025,4,Hải Phòng,89700,92000
24/02/2025,5,Miền Trung,89700,92000
24/02/2025,6,Huế,89700,92000
24/02/2025,7,Quảng Ngãi,89700,92000
24/02/2025,8,Nha Trang,89700,92000
24/02/2025,9,Biên Hòa,89700,92000
24/02/2025,10,Miền Tây,89700,92000
24/02/2025,11,Bạc Liêu,89700,92000
24/02/2025,12,Cà Mau,89700,92000
25/02/2025,,,
25/02/2025,1,Hồ Chí Minh,89700,92000
25/02/2025,2,Miền Bắc,89700,92000
25/02/2025,3,Hạ Long,89700,92000
25/02/2025,4,Hải Phòng,89700,92000
25/02/2025,5,Miền Trung,89700,92000
25/02/2025,6,Huế,89700,92000
25/02/2025,7,Quảng Ngãi,89700,92000
25/02/2025,8,Nha Trang,89700,92000
25/02/2025,9,Biên Hòa,89700,92000
25/02/2025,10,Miền Tây,89700,92000
25/02/2025,11,Bạc Liêu,89700,92000
25/02/2025,12,Cà Mau,89700,92000
26/02/2025,,,
26/02/2025,1,Hồ Chí Minh,89000,91300
26/02/2025,2,Miền Bắc,89000,91300
26/02/2025,3,Hạ Long,89000,91300
26/02/2025,4,Hải Phòng,89000,91300
26/02/2025,5,Miền Trung,89000,91300
26/02/2025,6,Huế,89000,91300
26/02/2025,7,Quảng Ngãi,89000,91300
26/02/2025,8,Nha Trang,89000,91300
26/02/2025,9,Biên Hòa,89000,91300
26/02/2025,10,Miền Tây,89000,91300
26/02/2025,11,Bạc Liêu,89000,91300
26/02/2025,12,Cà Mau,89000,91300
27/02/2025,,,
27/02/2025,1,Hồ Chí Minh,88900,91200
27/02/2025,2,Miền Bắc,88900,91200
27/02/2025,3,Hạ Long,88900,91200
27/02/2025,4,Hải Phòng,88900,91200
27/02/2025,5,Miền Trung,88900,91200
27/02/2025,6,Huế,88900,91200
27/02/2025,7,Quảng Ngãi,88900,91200
27/02/2025,8,Nha Trang,88900,91200
27/02/2025,9,Biên Hòa,88900,91200
27/02/2025,10,Miền Tây,88900,91200
27/02/2025,11,Bạc Liêu,88900,91200
27/02/2025,12,Cà Mau,88900,91200
28/02/2025,,,
28/02/2025,1,Hồ Chí Minh,88500,90500
28/02/2025,2,Miền Bắc,88500,90500
28/02/2025,3,Hạ Long,88500,90500
28/02/2025,4,Hải Phòng,88500,90500
28/02/2025,5,Miền Trung,88500,90500
28/02/2025,6,Huế,88500,90500
28/02/2025,7,Quảng Ngãi,88500,90500
28/02/2025,8,Nha Trang,88500,90500
28/02/2025,9,Biên Hòa,88500,90500
28/02/2025,10,Miền Tây,88500,90500
28/02/2025,11,Bạc Liêu,88500,90500
28/02/2025,12,Cà Mau,88500,90500
01/03/2025,,,
01/03/2025,1,Hồ Chí Minh,88500,90500
01/03/2025,2,Miền Bắc,88500,90500
01/03/2025,3,Hạ Long,88500,90500
01/03/2025,4,Hải Phòng,88500,90500
01/03/2025,5,Miền Trung,88500,90500
01/03/2025,6,Huế,88500,90500
01/03/2025,7,Quảng Ngãi,88500,90500
01/03/2025,8,Nha Trang,88500,90500
01/03/2025,9,Biên Hòa,88500,90500
01/03/2025,10,Miền Tây,88500,90500
01/03/2025,11,Bạc Liêu,88500,90500
01/03/2025,12,Cà Mau,88500,90500
02/03/2025,,,
02/03/2025,1,Hồ Chí Minh,88500,90500
02/03/2025,2,Miền Bắc,88500,90500
02/03/2025,3,Hạ Long,88500,90500
02/03/2025,4,Hải Phòng,88500,90500
02/03/2025,5,Miền Trung,88500,90500
02/03/2025,6,Huế,88500,90500
02/03/2025,7,Quảng Ngãi,88500,90500
02/03/2025,8,Nha Trang,88500,90500
02/03/2025,9,Biên Hòa,88500,90500
02/03/2025,10,Miền Tây,88500,90500
02/03/2025,11,Bạc Liêu,88500,90500
02/03/2025,12,Cà Mau,88500,90500
03/03/2025,,,
03/03/2025,1,Hồ Chí Minh,89000,91000
03/03/2025,2,Miền Bắc,89000,91000
03/03/2025,3,Hạ Long,89000,91000
03/03/2025,4,Hải Phòng,89000,91000
03/03/2025,5,Miền Trung,89000,91000
03/03/2025,6,Huế,89000,91000
03/03/2025,7,Quảng Ngãi,89000,91000
03/03/2025,8,Nha Trang,89000,91000
03/03/2025,9,Biên Hòa,89000,91000
03/03/2025,10,Miền Tây,89000,91000
03/03/2025,11,Bạc Liêu,89000,91000
03/03/2025,12,Cà Mau,89000,91000
04/03/2025,,,
04/03/2025,1,Hồ Chí Minh,119500,121500
04/03/2025,2,Miền Bắc,119500,121500
04/03/2025,3,Hạ Long,119500,121500
04/03/2025,4,Hải Phòng,119500,121500
04/03/2025,5,Miền Trung,119500,121500
04/03/2025,6,Huế,119500,121500
04/03/2025,7,Quảng Ngãi,119500,121500
04/03/2025,8,Nha Trang,119500,121500
04/03/2025,9,Biên Hòa,119500,121500
04/03/2025,10,Miền Tây,119500,121500
04/03/2025,11,Bạc Liêu,119500,121500
04/03/2025,12,Cà Mau,119500,121500
05/03/2025,,,
05/03/2025,1,Hồ Chí Minh,90700,92700
05/03/2025,2,Miền Bắc,90700,92700
05/03/2025,3,Hạ Long,90700,92700
05/03/2025,4,Hải Phòng,90700,92700
05/03/2025,5,Miền Trung,90700,92700
05/03/2025,6,Huế,90700,92700
05/03/2025,7,Quảng Ngãi,90700,92700
05/03/2025,8,Nha Trang,90700,92700
05/03/2025,9,Biên Hòa,90700,92700
05/03/2025,10,Miền Tây,90700,92700
05/03/2025,11,Bạc Liêu,90700,92700
05/03/2025,12,Cà Mau,90700,92700
06/03/2025,,,
06/03/2025,1,Hồ Chí Minh,90700,92700
06/03/2025,2,Miền Bắc,90700,92700
06/03/2025,3,Hạ Long,90700,92700
06/03/2025,4,Hải Phòng,90700,92700
06/03/2025,5,Miền Trung,90700,92700
06/03/2025,6,Huế,90700,92700
06/03/2025,7,Quảng Ngãi,90700,92700
06/03/2025,8,Nha Trang,90700,92700
06/03/2025,9,Biên Hòa,90700,92700
06/03/2025,10,Miền Tây,90700,92700
06/03/2025,11,Bạc Liêu,90700,92700
06/03/2025,12,Cà Mau,90700,92700
07/03/2025,,,
07/03/2025,1,Hồ Chí Minh,91100,93100
07/03/2025,2,Miền Bắc,91100,93100
07/03/2025,3,Hạ Long,91100,93100
07/03/2025,4,Hải Phòng,91100,93100
07/03/2025,5,Miền Trung,91100,93100
07/03/2025,6,Huế,91100,93100
07/03/2025,7,Quảng Ngãi,91100,93100
07/03/2025,8,Nha Trang,91100,93100
07/03/2025,9,Biên Hòa,91100,93100
07/03/2025,10,Miền Tây,91100,93100
07/03/2025,11,Bạc Liêu,91100,93100
07/03/2025,12,Cà Mau,91100,93100
08/03/2025,,,
08/03/2025,1,Hồ Chí Minh,90900,92900
08/03/2025,2,Miền Bắc,90900,92900
08/03/2025,3,Hạ Long,90900,92900
08/03/2025,4,Hải Phòng,90900,92900
08/03/2025,5,Miền Trung,90900,92900
08/03/2025,6,Huế,90900,92900
08/03/2025,7,Quảng Ngãi,90900,92900
08/03/2025,8,Nha Trang,90900,92900
08/03/2025,9,Biên Hòa,90900,92900
08/03/2025,10,Miền Tây,90900,92900
08/03/2025,11,Bạc Liêu,90900,92900
08/03/2025,12,Cà Mau,90900,92900
09/03/2025,,,
09/03/2025,1,Hồ Chí Minh,90900,92900
09/03/2025,2,Miền Bắc,90900,92900
09/03/2025,3,Hạ Long,90900,92900
09/03/2025,4,Hải Phòng,90900,92900
09/03/2025,5,Miền Trung,90900,92900
09/03/2025,6,Huế,90900,92900
09/03/2025,7,Quảng Ngãi,90900,92900
09/03/2025,8,Nha Trang,90900,92900
09/03/2025,9,Biên Hòa,90900,92900
09/03/2025,10,Miền Tây,90900,92900
09/03/2025,11,Bạc Liêu,90900,92900
09/03/2025,12,Cà Mau,90900,92900
10/03/2025,,,
10/03/2025,1,Hồ Chí Minh,90900,92900
10/03/2025,2,Miền Bắc,90900,92900
10/03/2025,3,Hạ Long,90900,92900
10/03/2025,4,Hải Phòng,90900,92900
10/03/2025,5,Miền Trung,90900,92900
10/03/2025,6,Huế,90900,92900
10/03/2025,7,Quảng Ngãi,90900,92900
10/03/2025,8,Nha Trang,90900,92900
10/03/2025,9,Biên Hòa,90900,92900
10/03/2025,10,Miền Tây,90900,92900
10/03/2025,11,Bạc Liêu,90900,92900
10/03/2025,12,Cà Mau,90900,92900
11/03/2025,,,
11/03/2025,1,Hồ Chí Minh,91000,93000
11/03/2025,2,Miền Bắc,91000,93000
11/03/2025,3,Hạ Long,91000,93000
11/03/2025,4,Hải Phòng,91000,93000
11/03/2025,5,Miền Trung,91000,93000
11/03/2025,6,Huế,91000,93000
11/03/2025,7,Quảng Ngãi,91000,93000
11/03/2025,8,Nha Trang,91000,93000
11/03/2025,9,Biên Hòa,91000,93000
11/03/2025,10,Miền Tây,91000,93000
11/03/2025,11,Bạc Liêu,91000,93000
11/03/2025,12,Cà Mau,91000,93000
12/03/2025,,,
12/03/2025,1,Hồ Chí Minh,91800,93500
12/03/2025,2,Miền Bắc,91800,93500
12/03/2025,3,Hạ Long,91800,93500
12/03/2025,4,Hải Phòng,91800,93500
12/03/2025,5,Miền Trung,91800,93500
12/03/2025,6,Huế,91800,93500
12/03/2025,7,Quảng Ngãi,91800,93500
12/03/2025,8,Nha Trang,91800,93500
12/03/2025,9,Biên Hòa,91800,93500
12/03/2025,10,Miền Tây,91800,93500
12/03/2025,11,Bạc Liêu,91800,93500
12/03/2025,12,Cà Mau,91800,93500
13/03/2025,,,
13/03/2025,1,Hồ Chí Minh,92900,94400
13/03/2025,2,Miền Bắc,92900,94400
13/03/2025,3,Hạ Long,92900,94400
13/03/2025,4,Hải Phòng,92900,94400
13/03/2025,5,Miền Trung,92900,94400
13/03/2025,6,Huế,92900,94400
13/03/2025,7,Quảng Ngãi,92900,94400
13/03/2025,8,Nha Trang,92900,94400
13/03/2025,9,Biên Hòa,92900,94400
13/03/2025,10,Miền Tây,92900,94400
13/03/2025,11,Bạc Liêu,92900,94400
13/03/2025,12,Cà Mau,92900,94400
14/03/2025,,,
14/03/2025,1,Hồ Chí Minh,94300,95800
14/03/2025,2,Miền Bắc,94300,95800
14/03/2025,3,Hạ Long,94300,95800
14/03/2025,4,Hải Phòng,94300,95800
14/03/2025,5,Miền Trung,94300,95800
14/03/2025,6,Huế,94300,95800
14/03/2025,7,Quảng Ngãi,94300,95800
14/03/2025,8,Nha Trang,94300,95800
14/03/2025,9,Biên Hòa,94300,95800
14/03/2025,10,Miền Tây,94300,95800
14/03/2025,11,Bạc Liêu,94300,95800
14/03/2025,12,Cà Mau,94300,95800
15/03/2025,,,
15/03/2025,1,Hồ Chí Minh,94300,95800
15/03/2025,2,Miền Bắc,94300,95800
15/03/2025,3,Hạ Long,94300,95800
15/03/2025,4,Hải Phòng,94300,95800
15/03/2025,5,Miền Trung,94300,95800
15/03/2025,6,Huế,94300,95800
15/03/2025,7,Quảng Ngãi,94300,95800
15/03/2025,8,Nha Trang,94300,95800
15/03/2025,9,Biên Hòa,94300,95800
15/03/2025,10,Miền Tây,94300,95800
15/03/2025,11,Bạc Liêu,94300,95800
15/03/2025,12,Cà Mau,94300,95800
16/03/2025,,,
16/03/2025,1,Hồ Chí Minh,94300,95800
16/03/2025,2,Miền Bắc,94300,95800
16/03/2025,3,Hạ Long,94300,95800
16/03/2025,4,Hải Phòng,94300,95800
16/03/2025,5,Miền Trung,94300,95800
16/03/2025,6,Huế,94300,95800
16/03/2025,7,Quảng Ngãi,94300,95800
16/03/2025,8,Nha Trang,94300,95800
16/03/2025,9,Biên Hòa,94300,95800
16/03/2025,10,Miền Tây,94300,95800
16/03/2025,11,Bạc Liêu,94300,95800
16/03/2025,12,Cà Mau,94300,95800
17/03/2025,,,
17/03/2025,1,Hồ Chí Minh,119500,121500
17/03/2025,2,Miền Bắc,119500,121500
17/03/2025,3,Hạ Long,119500,121500
17/03/2025,4,Hải Phòng,119500,121500
17/03/2025,5,Miền Trung,119500,121500
17/03/2025,6,Huế,119500,121500
17/03/2025,7,Quảng Ngãi,119500,121500
17/03/2025,8,Nha Trang,119500,121500
17/03/2025,9,Biên Hòa,119500,121500
17/03/2025,10,Miền Tây,119500,121500
17/03/2025,11,Bạc Liêu,119500,121500
17/03/2025,12,Cà Mau,119500,121500
18/03/2025,,,
18/03/2025,1,Hồ Chí Minh,96700,98200
18/03/2025,2,Miền Bắc,96700,98200
18/03/2025,3,Hạ Long,96700,98200
18/03/2025,4,Hải Phòng,96700,98200
18/03/2025,5,Miền Trung,96700,98200
18/03/2025,6,Huế,96700,98200
18/03/2025,7,Quảng Ngãi,96700,98200
18/03/2025,8,Nha Trang,96700,98200
18/03/2025,9,Biên Hòa,96700,98200
18/03/2025,10,Miền Tây,96700,98200
18/03/2025,11,Bạc Liêu,96700,98200
18/03/2025,12,Cà Mau,96700,98200
19/03/2025,,,
19/03/2025,1,Hồ Chí Minh,98000,99500
19/03/2025,2,Miền Bắc,98000,99500
19/03/2025,3,Hạ Long,98000,99800
19/03/2025,4,Hải Phòng,98000,99500
19/03/2025,5,Miền Trung,98000,99500
19/03/2025,6,Huế,98000,99500
19/03/2025,7,Quảng Ngãi,98000,99500
19/03/2025,8,Nha Trang,98000,99500
19/03/2025,9,Biên Hòa,98000,99500
19/03/2025,10,Miền Tây,98000,99500
19/03/2025,11,Bạc Liêu,98000,99500
19/03/2025,12,Cà Mau,98000,99500
20/03/2025,,,
20/03/2025,1,Hồ Chí Minh,97800,99800
20/03/2025,2,Miền Bắc,97800,99800
20/03/2025,3,Hạ Long,97800,99800
20/03/2025,4,Hải Phòng,97800,99800
20/03/2025,5,Miền Trung,97800,99800
20/03/2025,6,Huế,97800,99800
20/03/2025,7,Quảng Ngãi,97800,99800
20/03/2025,8,Nha Trang,97800,99800
20/03/2025,9,Biên Hòa,97800,99800
20/03/2025,10,Miền Tây,97800,99800
20/03/2025,11,Bạc Liêu,97800,99800
20/03/2025,12,Cà Mau,97800,99800
21/03/2025,,,
21/03/2025,1,Hồ Chí Minh,94700,97700
21/03/2025,2,Miền Bắc,94700,97700
21/03/2025,3,Hạ Long,94500,97700
21/03/2025,4,Hải Phòng,94700,97700
21/03/2025,5,Miền Trung,94700,97700
21/03/2025,6,Huế,94700,97700
21/03/2025,7,Quảng Ngãi,94700,97700
21/03/2025,8,Nha Trang,94700,97700
21/03/2025,9,Biên Hòa,94700,97700
21/03/2025,10,Miền Tây,94700,97700
21/03/2025,11,Bạc Liêu,94700,97700
21/03/2025,12,Cà Mau,94700,97700
22/03/2025,,,
22/03/2025,1,Hồ Chí Minh,94400,97400
22/03/2025,2,Miền Bắc,94400,97400
22/03/2025,3,Hạ Long,94200,97400
22/03/2025,4,Hải Phòng,94400,97400
22/03/2025,5,Miền Trung,94400,97400
22/03/2025,6,Huế,94400,97400
22/03/2025,7,Quảng Ngãi,94400,97400
22/03/2025,8,Nha Trang,94400,97400
22/03/2025,9,Biên Hòa,94400,97400
22/03/2025,10,Miền Tây,94400,97400
22/03/2025,11,Bạc Liêu,94400,97400
22/03/2025,12,Cà Mau,94400,97400
23/03/2025,,,
23/03/2025,1,Hồ Chí Minh,94400,97400
23/03/2025,2,Miền Bắc,94400,97400
23/03/2025,3,Hạ Long,94400,97400
23/03/2025,4,Hải Phòng,94400,97400
23/03/2025,5,Miền Trung,94400,97400
23/03/2025,6,Huế,94400,97400
23/03/2025,7,Quảng Ngãi,94400,97400
23/03/2025,8,Nha Trang,94400,97400
23/03/2025,9,Biên Hòa,94400,97400
23/03/2025,10,Miền Tây,94400,97400
23/03/2025,11,Bạc Liêu,94400,97400
23/03/2025,12,Cà Mau,94400,97400
24/03/2025,,,
24/03/2025,1,Hồ Chí Minh,95100,97600
24/03/2025,2,Miền Bắc,95100,97600
24/03/2025,3,Hạ Long,95100,97600
24/03/2025,4,Hải Phòng,95100,97600
24/03/2025,5,Miền Trung,95100,97600
24/03/2025,6,Huế,95100,97600
24/03/2025,7,Quảng Ngãi,95100,97600
24/03/2025,8,Nha Trang,95100,97600
24/03/2025,9,Biên Hòa,95100,97600
24/03/2025,10,Miền Tây,95100,97600
24/03/2025,11,Bạc Liêu,95100,97600
24/03/2025,12,Cà Mau,95100,97600
25/03/2025,,,
25/03/2025,1,Hồ Chí Minh,95900,97900
25/03/2025,2,Miền Bắc,95900,97900
25/03/2025,3,Hạ Long,95900,97900
25/03/2025,4,Hải Phòng,95900,97900
25/03/2025,5,Miền Trung,95900,97900
25/03/2025,6,Huế,95900,97900
25/03/2025,7,Quảng Ngãi,95900,97900
25/03/2025,8,Nha Trang,95900,97900
25/03/2025,9,Biên Hòa,95900,97900
25/03/2025,10,Miền Tây,95900,97900
25/03/2025,11,Bạc Liêu,95900,97900
25/03/2025,12,Cà Mau,95900,97900
26/03/2025,,,
26/03/2025,1,Hồ Chí Minh,96700,98400
26/03/2025,2,Miền Bắc,96700,98400
26/03/2025,3,Hạ Long,96700,98400
26/03/2025,4,Hải Phòng,96700,98400
26/03/2025,5,Miền Trung,96700,98400
26/03/2025,6,Huế,96700,98400
26/03/2025,7,Quảng Ngãi,96700,98400
26/03/2025,8,Nha Trang,96700,98400
26/03/2025,9,Biên Hòa,96700,98400
26/03/2025,10,Miền Tây,96700,98400
26/03/2025,11,Bạc Liêu,96700,98400
26/03/2025,12,Cà Mau,96700,98400
27/03/2025,,,
27/03/2025,1,Hồ Chí Minh,97400,98900
27/03/2025,2,Miền Bắc,97400,98900
27/03/2025,3,Hạ Long,97400,98900
27/03/2025,4,Hải Phòng,97400,98900
27/03/2025,5,Miền Trung,97400,98900
27/03/2025,6,Huế,97400,98900
27/03/2025,7,Quảng Ngãi,97400,98900
27/03/2025,8,Nha Trang,97400,98900
27/03/2025,9,Biên Hòa,97400,98900
27/03/2025,10,Miền Tây,97400,98900
27/03/2025,11,Bạc Liêu,97400,98900
27/03/2025,12,Cà Mau,97400,98900
28/03/2025,,,
28/03/2025,1,Hồ Chí Minh,98200,100200
28/03/2025,2,Miền Bắc,98200,100200
28/03/2025,3,Hạ Long,98200,100200
28/03/2025,4,Hải Phòng,98200,100200
28/03/2025,5,Miền Trung,98200,100200
28/03/2025,6,Huế,98200,100200
28/03/2025,7,Quảng Ngãi,98200,100200
28/03/2025,8,Nha Trang,98200,100200
28/03/2025,9,Biên Hòa,98200,100200
28/03/2025,10,Miền Tây,98200,100200
28/03/2025,11,Bạc Liêu,98200,100200
28/03/2025,12,Cà Mau,98200,100200
29/03/2025,,,
29/03/2025,1,Hồ Chí Minh,119500,121500
29/03/2025,2,Miền Bắc,119500,121500
29/03/2025,3,Hạ Long,119500,121500
29/03/2025,4,Hải Phòng,119500,121500
29/03/2025,5,Miền Trung,119500,121500
29/03/2025,6,Huế,119500,121500
29/03/2025,7,Quảng Ngãi,119500,121500
29/03/2025,8,Nha Trang,119500,121500
29/03/2025,9,Biên Hòa,119500,121500
29/03/2025,10,Miền Tây,119500,121500
29/03/2025,11,Bạc Liêu,119500,121500
29/03/2025,12,Cà Mau,119500,121500
30/03/2025,,,
30/03/2025,1,Hồ Chí Minh,98400,100700
30/03/2025,2,Miền Bắc,98400,100700
30/03/2025,3,Hạ Long,98400,100700
30/03/2025,4,Hải Phòng,98400,100700
30/03/2025,5,Miền Trung,98400,100700
30/03/2025,6,Huế,98400,100700
30/03/2025,7,Quảng Ngãi,98400,100700
30/03/2025,8,Nha Trang,98400,100700
30/03/2025,9,Biên Hòa,98400,100700
30/03/2025,10,Miền Tây,98400,100700
30/03/2025,11,Bạc Liêu,98400,100700
30/03/2025,12,Cà Mau,98400,100700
31/03/2025,,,
31/03/2025,1,Hồ Chí Minh,99500,101800
31/03/2025,2,Miền Bắc,99500,101800
31/03/2025,3,Hạ Long,99500,101800
31/03/2025,4,Hải Phòng,99500,101800
31/03/2025,5,Miền Trung,99500,101800
31/03/2025,6,Huế,99500,101800
31/03/2025,7,Quảng Ngãi,99500,101800
31/03/2025,8,Nha Trang,99500,101800
31/03/2025,9,Biên Hòa,99500,101800
31/03/2025,10,Miền Tây,99500,101800
31/03/2025,11,Bạc Liêu,99500,101800
31/03/2025,12,Cà Mau,99500,101800
01/04/2025,,,
01/04/2025,1,Hồ Chí Minh,99400,102100
01/04/2025,2,Miền Bắc,99400,102100
01/04/2025,3,Hạ Long,99400,102100
01/04/2025,4,Hải Phòng,99400,102100
01/04/2025,5,Miền Trung,99400,102100
01/04/2025,6,Huế,99400,102100
01/04/2025,7,Quảng Ngãi,99400,102100
01/04/2025,8,Nha Trang,99400,102100
01/04/2025,9,Biên Hòa,99400,102100
01/04/2025,10,Miền Tây,99400,102100
01/04/2025,11,Bạc Liêu,99400,102100
01/04/2025,12,Cà Mau,99400,102100
02/04/2025,,,
02/04/2025,1,Hồ Chí Minh,99100,101800
02/04/2025,2,Miền Bắc,99100,101800
02/04/2025,3,Hạ Long,99100,101800
02/04/2025,4,Hải Phòng,99100,101800
02/04/2025,5,Miền Trung,99100,101800
02/04/2025,6,Huế,99100,101800
02/04/2025,7,Quảng Ngãi,99100,101800
02/04/2025,8,Nha Trang,99100,101800
02/04/2025,9,Biên Hòa,99100,101800
02/04/2025,10,Miền Tây,99100,101800
02/04/2025,11,Bạc Liêu,99100,101800
02/04/2025,12,Cà Mau,99100,101800
03/04/2025,,,
03/04/2025,1,Hồ Chí Minh,99500,102200
03/04/2025,2,Miền Bắc,99500,102200
03/04/2025,3,Hạ Long,98300,102200
03/04/2025,4,Hải Phòng,99500,102200
03/04/2025,5,Miền Trung,99500,102200
03/04/2025,6,Huế,99500,102200
03/04/2025,7,Quảng Ngãi,99500,102200
03/04/2025,8,Nha Trang,99500,102200
03/04/2025,9,Biên Hòa,99500,102200
03/04/2025,10,Miền Tây,99500,102200
03/04/2025,11,Bạc Liêu,99500,102200
03/04/2025,12,Cà Mau,99500,102200
04/04/2025,,,
04/04/2025,1,Hồ Chí Minh,98800,101300
04/04/2025,2,Miền Bắc,98800,101300
04/04/2025,3,Hạ Long,98800,101300
04/04/2025,4,Hải Phòng,98800,101300
04/04/2025,5,Miền Trung,98800,101300
04/04/2025,6,Huế,98800,101300
04/04/2025,7,Quảng Ngãi,98800,101300
04/04/2025,8,Nha Trang,98800,101300
04/04/2025,9,Biên Hòa,98800,101300
04/04/2025,10,Miền Tây,98800,101300
04/04/2025,11,Bạc Liêu,98800,101300
04/04/2025,12,Cà Mau,98800,101300
05/04/2025,,,
05/04/2025,1,Hồ Chí Minh,97100,100100
05/04/2025,2,Miền Bắc,97100,100100
05/04/2025,3,Hạ Long,97600,100700
05/04/2025,4,Hải Phòng,97100,100100
05/04/2025,5,Miền Trung,97100,100100
05/04/2025,6,Huế,97100,100100
05/04/2025,7,Quảng Ngãi,97100,100100
05/04/2025,8,Nha Trang,97100,100100
05/04/2025,9,Biên Hòa,97100,100100
05/04/2025,10,Miền Tây,97100,100100
05/04/2025,11,Bạc Liêu,97100,100100
05/04/2025,12,Cà Mau,97100,100100
06/04/2025,,,
06/04/2025,1,Hồ Chí Minh,97100,100100
06/04/2025,2,Miền Bắc,97100,100100
06/04/2025,3,Hạ Long,97600,100700
06/04/2025,4,Hải Phòng,97100,100100
06/04/2025,5,Miền Trung,97100,100100
06/04/2025,6,Huế,97100,100100
06/04/2025,7,Quảng Ngãi,97100,100100
06/04/2025,8,Nha Trang,97100,100100
06/04/2025,9,Biên Hòa,97100,100100
06/04/2025,10,Miền Tây,97100,100100
06/04/2025,11,Bạc Liêu,97100,100100
06/04/2025,12,Cà Mau,97100,100100
07/04/2025,,,
07/04/2025,1,Hồ Chí Minh,97100,100100
07/04/2025,2,Miền Bắc,97100,100100
07/04/2025,3,Hạ Long,97600,100700
07/04/2025,4,Hải Phòng,97100,100100
07/04/2025,5,Miền Trung,97100,100100
07/04/2025,6,Huế,97100,100100
07/04/2025,7,Quảng Ngãi,97100,100100
07/04/2025,8,Nha Trang,97100,100100
07/04/2025,9,Biên Hòa,97100,100100
07/04/2025,10,Miền Tây,97100,100100
07/04/2025,11,Bạc Liêu,97100,100100
07/04/2025,12,Cà Mau,97100,100100
08/04/2025,,,
08/04/2025,1,Hồ Chí Minh,97700,100200
08/04/2025,2,Miền Bắc,97700,100200
08/04/2025,3,Hạ Long,97700,100200
08/04/2025,4,Hải Phòng,97700,100200
08/04/2025,5,Miền Trung,97700,100200
08/04/2025,6,Huế,97700,100200
08/04/2025,7,Quảng Ngãi,97700,100200
08/04/2025,8,Nha Trang,97700,100200
08/04/2025,9,Biên Hòa,97700,100200
08/04/2025,10,Miền Tây,97700,100200
08/04/2025,11,Bạc Liêu,97700,100200
08/04/2025,12,Cà Mau,97700,100200
09/04/2025,,,
09/04/2025,1,Hồ Chí Minh,99700,101900
09/04/2025,2,Miền Bắc,99700,101900
09/04/2025,3,Hạ Long,99700,101900
09/04/2025,4,Hải Phòng,99700,101900
09/04/2025,5,Miền Trung,99700,101900
09/04/2025,6,Huế,99700,101900
09/04/2025,7,Quảng Ngãi,99700,101900
09/04/2025,8,Nha Trang,99700,101900
09/04/2025,9,Biên Hòa,99700,101900
09/04/2025,10,Miền Tây,99700,101900
09/04/2025,11,Bạc Liêu,99700,101900
09/04/2025,12,Cà Mau,99700,101900
10/04/2025,,,
10/04/2025,1,Hồ Chí Minh,100600,103600
10/04/2025,2,Miền Bắc,100600,103600
10/04/2025,3,Hạ Long,100600,103600
10/04/2025,4,Hải Phòng,100600,103600
10/04/2025,5,Miền Trung,100600,103600
10/04/2025,6,Huế,100600,103600
10/04/2025,7,Quảng Ngãi,100600,103600
10/04/2025,8,Nha Trang,100600,103600
10/04/2025,9,Biên Hòa,100600,103600
10/04/2025,10,Miền Tây,100600,103600
10/04/2025,11,Bạc Liêu,100600,103600
10/04/2025,12,Cà Mau,100600,103600
11/04/2025,,,
11/04/2025,1,Hồ Chí Minh,119500,121500
11/04/2025,2,Miền Bắc,119500,121500
11/04/2025,3,Hạ Long,119500,121500
11/04/2025,4,Hải Phòng,119500,121500
11/04/2025,5,Miền Trung,119500,121500
11/04/2025,6,Huế,119500,121500
11/04/2025,7,Quảng Ngãi,119500,121500
11/04/2025,8,Nha Trang,119500,121500
11/04/2025,9,Biên Hòa,119500,121500
11/04/2025,10,Miền Tây,119500,121500
11/04/2025,11,Bạc Liêu,119500,121500
11/04/2025,12,Cà Mau,119500,121500
12/04/2025,,,
12/04/2025,1,Hồ Chí Minh,103000,106500
12/04/2025,2,Miền Bắc,103000,106500
12/04/2025,3,Hạ Long,103000,106500
12/04/2025,4,Hải Phòng,103000,106500
12/04/2025,5,Miền Trung,103000,106500
12/04/2025,6,Huế,103000,106500
12/04/2025,7,Quảng Ngãi,103000,106500
12/04/2025,8,Nha Trang,103000,106500
12/04/2025,9,Biên Hòa,103000,106500
12/04/2025,10,Miền Tây,103000,106500
12/04/2025,11,Bạc Liêu,103000,106500
12/04/2025,12,Cà Mau,103000,106500
13/04/2025,,,
13/04/2025,1,Hồ Chí Minh,103000,106500
13/04/2025,2,Miền Bắc,103000,106500
13/04/2025,3,Hạ Long,103000,106500
13/04/2025,4,Hải Phòng,103000,106500
13/04/2025,5,Miền Trung,103000,106500
13/04/2025,6,Huế,103000,106500
13/04/2025,7,Quảng Ngãi,103000,106500
13/04/2025,8,Nha Trang,103000,106500
13/04/2025,9,Biên Hòa,103000,106500
13/04/2025,10,Miền Tây,103000,106500
13/04/2025,11,Bạc Liêu,103000,106500
13/04/2025,12,Cà Mau,103000,106500
14/04/2025,,,
14/04/2025,1,Hồ Chí Minh,105000,107500
14/04/2025,2,Miền Bắc,105000,107500
14/04/2025,3,Hạ Long,105000,107500
14/04/2025,4,Hải Phòng,105000,107500
14/04/2025,5,Miền Trung,105000,107500
14/04/2025,6,Huế,105000,107500
14/04/2025,7,Quảng Ngãi,105000,107500
14/04/2025,8,Nha Trang,105000,107500
14/04/2025,9,Biên Hòa,105000,107500
14/04/2025,10,Miền Tây,105000,107500
14/04/2025,11,Bạc Liêu,105000,107500
14/04/2025,12,Cà Mau,105000,107500
15/04/2025,,,
15/04/2025,1,Hồ Chí Minh,105500,108000
15/04/2025,2,Miền Bắc,105500,108000
15/04/2025,3,Hạ Long,105500,108000
15/04/2025,4,Hải Phòng,105500,108000
15/04/2025,5,Miền Trung,105500,108000
15/04/2025,6,Huế,105500,108000
15/04/2025,7,Quảng Ngãi,105500,108000
15/04/2025,8,Nha Trang,105500,108000
15/04/2025,9,Biên Hòa,105500,108000
15/04/2025,10,Miền Tây,105500,108000
15/04/2025,11,Bạc Liêu,105500,108000
15/04/2025,12,Cà Mau,105500,108000
16/04/2025,,,
16/04/2025,1,Hồ Chí Minh,113000,115500
16/04/2025,2,Miền Bắc,113000,115500
16/04/2025,3,Hạ Long,113000,115500
16/04/2025,4,Hải Phòng,113000,115500
16/04/2025,5,Miền Trung,113000,115500
16/04/2025,6,Huế,113000,115500
16/04/2025,7,Quảng Ngãi,113000,115500
16/04/2025,8,Nha Trang,113000,115500
16/04/2025,9,Biên Hòa,113000,115500
16/04/2025,10,Miền Tây,113000,115500
16/04/2025,11,Bạc Liêu,113000,115500
16/04/2025,12,Cà Mau,113000,115500
17/04/2025,,,
17/04/2025,1,Hồ Chí Minh,115500,118000
17/04/2025,2,Miền Bắc,115500,118000
17/04/2025,3,Hạ Long,115500,118000
17/04/2025,4,Hải Phòng,115500,118000
17/04/2025,5,Miền Trung,115500,118000
17/04/2025,6,Huế,115500,118000
17/04/2025,7,Quảng Ngãi,115500,118000
17/04/2025,8,Nha Trang,115500,118000
17/04/2025,9,Biên Hòa,115500,118000
17/04/2025,10,Miền Tây,115500,118000
17/04/2025,11,Bạc Liêu,115500,118000
17/04/2025,12,Cà Mau,115500,118000
18/04/2025,,,
18/04/2025,1,Hồ Chí Minh,117000,120000
18/04/2025,2,Miền Bắc,117000,120000
18/04/2025,3,Hạ Long,117000,120000
18/04/2025,4,Hải Phòng,117000,120000
18/04/2025,5,Miền Trung,117000,120000
18/04/2025,6,Huế,117000,120000
18/04/2025,7,Quảng Ngãi,117000,120000
18/04/2025,8,Nha Trang,117000,120000
18/04/2025,9,Biên Hòa,117000,120000
18/04/2025,10,Miền Tây,117000,120000
18/04/2025,11,Bạc Liêu,117000,120000
18/04/2025,12,Cà Mau,117000,120000
19/04/2025,,,
19/04/2025,1,Hồ Chí Minh,112000,114000
19/04/2025,2,Miền Bắc,112000,114000
19/04/2025,3,Hạ Long,111000,115000
19/04/2025,4,Hải Phòng,112000,114000
19/04/2025,5,Miền Trung,112000,114000
19/04/2025,6,Huế,112000,114000
19/04/2025,7,Quảng Ngãi,111000,115000
19/04/2025,8,Nha Trang,112000,114000
19/04/2025,9,Biên Hòa,112000,114000
19/04/2025,10,Miền Tây,112000,114000
19/04/2025,11,Bạc Liêu,112000,114000
19/04/2025,12,Cà Mau,112000,114000
20/04/2025,,,
20/04/2025,1,Hồ Chí Minh,112000,114000
20/04/2025,2,Miền Bắc,112000,114000
20/04/2025,3,Hạ Long,111000,115000
20/04/2025,4,Hải Phòng,112000,114000
20/04/2025,5,Miền Trung,112000,114000
20/04/2025,6,Huế,112000,114000
20/04/2025,7,Quảng Ngãi,111000,115000
20/04/2025,8,Nha Trang,112000,114000
20/04/2025,9,Biên Hòa,112000,114000
20/04/2025,10,Miền Tây,112000,114000
20/04/2025,11,Bạc Liêu,112000,114000
20/04/2025,12,Cà Mau,112000,114000
21/04/2025,,,
21/04/2025,1,Hồ Chí Minh,116000,118000
21/04/2025,2,Miền Bắc,116000,118000
21/04/2025,3,Hạ Long,116000,118000
21/04/2025,4,Hải Phòng,116000,118000
21/04/2025,5,Miền Trung,116000,118000
21/04/2025,6,Huế,116000,118000
21/04/2025,7,Quảng Ngãi,116000,118000
21/04/2025,8,Nha Trang,116000,118000
21/04/2025,9,Biên Hòa,116000,118000
21/04/2025,10,Miền Tây,116000,118000
21/04/2025,11,Bạc Liêu,116000,118000
21/04/2025,12,Cà Mau,116000,118000
22/04/2025,,,
22/04/2025,1,Hồ Chí Minh,122000,124000
22/04/2025,2,Miền Bắc,122000,124000
22/04/2025,3,Hạ Long,122000,124000
22/04/2025,4,Hải Phòng,122000,124000
22/04/2025,5,Miền Trung,122000,124000
22/04/2025,6,Huế,122000,124000
22/04/2025,7,Quảng Ngãi,122000,124000
22/04/2025,8,Nha Trang,122000,124000
22/04/2025,9,Biên Hòa,122000,124000
22/04/2025,10,Miền Tây,122000,124000
22/04/2025,11,Bạc Liêu,122000,124000
22/04/2025,12,Cà Mau,122000,124000
23/04/2025,,,
23/04/2025,1,Hồ Chí Minh,116500,119500
23/04/2025,2,Miền Bắc,116500,119500
23/04/2025,3,Hạ Long,116500,120500
23/04/2025,4,Hải Phòng,116500,119500
23/04/2025,5,Miền Trung,116500,119500
23/04/2025,6,Huế,116500,119500
23/04/2025,7,Quảng Ngãi,116500,119500
23/04/2025,8,Nha Trang,116500,119500
23/04/2025,9,Biên Hòa,116500,119500
23/04/2025,10,Miền Tây,116500,119500
23/04/2025,11,Bạc Liêu,116500,119500
23/04/2025,12,Cà Mau,116500,119500
24/04/2025,,,
24/04/2025,1,Hồ Chí Minh,119500,121500
24/04/2025,2,Miền Bắc,119500,121500
24/04/2025,3,Hạ Long,119500,121500
24/04/2025,4,Hải Phòng,119500,121500
24/04/2025,5,Miền Trung,119500,121500
24/04/2025,6,Huế,119500,121500
24/04/2025,7,Quảng Ngãi,119500,121500
24/04/2025,8,Nha Trang,119500,121500
24/04/2025,9,Biên Hòa,119500,121500
24/04/2025,10,Miền Tây,119500,121500
24/04/2025,11,Bạc Liêu,119500,121500
24/04/2025,12,Cà Mau,119500,121500
25/04/2025,,,
25/04/2025,1,Hồ Chí Minh,118500,120500
25/04/2025,2,Miền Bắc,118500,120500
25/04/2025,3,Hạ Long,118500,120500
25/04/2025,4,Hải Phòng,118500,120500
25/04/2025,5,Miền Trung,118500,120500
25/04/2025,6,Huế,118500,120500
25/04/2025,7,Quảng Ngãi,118500,120500
25/04/2025,8,Nha Trang,118500,120500
25/04/2025,9,Biên Hòa,118500,120500
25/04/2025,10,Miền Tây,118500,120500
25/04/2025,11,Bạc Liêu,118500,120500
25/04/2025,12,Cà Mau,118500,120500
26/04/2025,,,
26/04/2025,1,Hồ Chí Minh,119000,121000
26/04/2025,2,Miền Bắc,119000,121000
26/04/2025,3,Hạ Long,118500,121000
26/04/2025,4,Hải Phòng,119000,121000
26/04/2025,5,Miền Trung,119000,121000
26/04/2025,6,Huế,119000,121000
26/04/2025,7,Quảng Ngãi,119000,121000
26/04/2025,8,Nha Trang,119000,121000
26/04/2025,9,Biên Hòa,119000,121000
26/04/2025,10,Miền Tây,119000,121000
26/04/2025,11,Bạc Liêu,119000,121000
26/04/2025,12,Cà Mau,119000,121000
27/04/2025,,,
27/04/2025,1,Hồ Chí Minh,119000,121000
27/04/2025,2,Miền Bắc,119000,121000
27/04/2025,3,Hạ Long,118500,121000
27/04/2025,4,Hải Phòng,119000,121000
27/04/2025,5,Miền Trung,119000,121000
27/04/2025,6,Huế,119000,121000
27/04/2025,7,Quảng Ngãi,119000,121000
27/04/2025,8,Nha Trang,119000,121000
27/04/2025,9,Biên Hòa,119000,121000
27/04/2025,10,Miền Tây,119000,121000
27/04/2025,11,Bạc Liêu,119000,121000
27/04/2025,12,Cà Mau,119000,121000
28/04/2025,,,
28/04/2025,1,Hồ Chí Minh,117500,119500
28/04/2025,2,Miền Bắc,117500,119500
28/04/2025,3,Hạ Long,117500,119500
28/04/2025,4,Hải Phòng,117500,119500
28/04/2025,5,Miền Trung,117500,119500
28/04/2025,6,Huế,117500,119500
28/04/2025,7,Quảng Ngãi,117500,119500
28/04/2025,8,Nha Trang,117500,119500
28/04/2025,9,Biên Hòa,117500,119500
28/04/2025,10,Miền Tây,117500,119500
28/04/2025,11,Bạc Liêu,117500,119500
28/04/2025,12,Cà Mau,117500,119500
29/04/2025,,,
29/04/2025,1,Hồ Chí Minh,119300,121300
29/04/2025,2,Miền Bắc,119300,121300
29/04/2025,3,Hạ Long,119300,121300
29/04/2025,4,Hải Phòng,119300,121300
29/04/2025,5,Miền Trung,119300,121300
29/04/2025,6,Huế,119300,121300
29/04/2025,7,Quảng Ngãi,119300,121300
29/04/2025,8,Nha Trang,119300,121300
29/04/2025,9,Biên Hòa,119300,121300
29/04/2025,10,Miền Tây,119300,121300
29/04/2025,11,Bạc Liêu,119300,121300
29/04/2025,12,Cà Mau,119300,121300
30/04/2025,,,
30/04/2025,1,Hồ Chí Minh,119300,121300
30/04/2025,2,Miền Bắc,119300,121300
30/04/2025,3,Hạ Long,119300,121300
30/04/2025,4,Hải Phòng,119300,121300
30/04/2025,5,Miền Trung,119300,121300
30/04/2025,6,Huế,119300,121300
30/04/2025,7,Quảng Ngãi,119300,121300
30/04/2025,8,Nha Trang,119300,121300
30/04/2025,9,Biên Hòa,119300,121300
30/04/2025,10,Miền Tây,119300,121300
30/04/2025,11,Bạc Liêu,119300,121300
30/04/2025,12,Cà Mau,119300,121300
01/05/2025,,,
01/05/2025,1,Hồ Chí Minh,119300,121300
01/05/2025,2,Miền Bắc,119300,121300
01/05/2025,3,Hạ Long,117300,120300
01/05/2025,4,Hải Phòng,119300,121300
01/05/2025,5,Miền Trung,119300,121300
01/05/2025,6,Huế,119300,121300
01/05/2025,7,Quảng Ngãi,119300,121300
01/05/2025,8,Nha Trang,119300,121300
01/05/2025,9,Biên Hòa,119300,121300
01/05/2025,10,Miền Tây,119300,121300
01/05/2025,11,Bạc Liêu,119300,121300
01/05/2025,12,Cà Mau,119300,121300
02/05/2025,,,
02/05/2025,1,Hồ Chí Minh,119300,121300
02/05/2025,2,Miền Bắc,119300,121300
02/05/2025,3,Hạ Long,116800,121300
02/05/2025,4,Hải Phòng,119300,121300
02/05/2025,5,Miền Trung,119300,121300
02/05/2025,6,Huế,119300,121300
02/05/2025,7,Quảng Ngãi,119300,121300
02/05/2025,8,Nha Trang,119300,121300
02/05/2025,9,Biên Hòa,119300,121300
02/05/2025,10,Miền Tây,119300,121300
02/05/2025,11,Bạc Liêu,119300,121300
02/05/2025,12,Cà Mau,119300,121300
03/05/2025,,,
03/05/2025,1,Hồ Chí Minh,119300,121300
03/05/2025,2,Miền Bắc,119300,121300
03/05/2025,3,Hạ Long,116800,121300
03/05/2025,4,Hải Phòng,119300,121300
03/05/2025,5,Miền Trung,119300,121300
03/05/2025,6,Huế,119300,121300
03/05/2025,7,Quảng Ngãi,119300,121300
03/05/2025,8,Nha Trang,119300,121300
03/05/2025,9,Biên Hòa,119300,121300
03/05/2025,10,Miền Tây,119300,121300
03/05/2025,11,Bạc Liêu,119300,121300
03/05/2025,12,Cà Mau,119300,121300
04/05/2025,,,
04/05/2025,1,Hồ Chí Minh,119300,121300
04/05/2025,2,Miền Bắc,119300,121300
04/05/2025,3,Hạ Long,116800,121300
04/05/2025,4,Hải Phòng,119300,121300
04/05/2025,5,Miền Trung,119300,121300
04/05/2025,6,Huế,119300,121300
04/05/2025,7,Quảng Ngãi,119300,121300
04/05/2025,8,Nha Trang,119300,121300
04/05/2025,9,Biên Hòa,119300,121300
04/05/2025,10,Miền Tây,119300,121300
04/05/2025,11,Bạc Liêu,119300,121300
04/05/2025,12,Cà Mau,119300,121300
05/05/2025,,,
05/05/2025,1,Hồ Chí Minh,117800,119800
05/05/2025,2,Miền Bắc,117800,119800
05/05/2025,3,Hạ Long,117800,119800
05/05/2025,4,Hải Phòng,117800,119800
05/05/2025,5,Miền Trung,117800,119800
05/05/2025,6,Huế,117800,119800
05/05/2025,7,Quảng Ngãi,117800,119800
05/05/2025,8,Nha Trang,117800,119800
05/05/2025,9,Biên Hòa,117800,119800
05/05/2025,10,Miền Tây,117800,119800
05/05/2025,11,Bạc Liêu,117800,119800
05/05/2025,12,Cà Mau,117800,119800
06/05/2025,,,
06/05/2025,1,Hồ Chí Minh,119500,121500
06/05/2025,2,Miền Bắc,119500,121500
06/05/2025,3,Hạ Long,119500,121500
06/05/2025,4,Hải Phòng,119500,121500
06/05/2025,5,Miền Trung,119500,121500
06/05/2025,6,Huế,119500,121500
06/05/2025,7,Quảng Ngãi,119500,121500
06/05/2025,8,Nha Trang,119500,121500
06/05/2025,9,Biên Hòa,119500,121500
06/05/2025,10,Miền Tây,119500,121500
06/05/2025,11,Bạc Liêu,119500,121500
06/05/2025,12,Cà Mau,119500,121500
07/05/2025,,,
07/05/2025,1,Hồ Chí Minh,120200,122200
07/05/2025,2,Miền Bắc,120200,122200
07/05/2025,3,Hạ Long,120200,122200
07/05/2025,4,Hải Phòng,120200,122200
07/05/2025,5,Miền Trung,120200,122200
07/05/2025,6,Huế,120200,122200
07/05/2025,7,Quảng Ngãi,120200,122200
07/05/2025,8,Nha Trang,120200,122200
07/05/2025,9,Biên Hòa,120200,122200
07/05/2025,10,Miền Tây,120200,122200
07/05/2025,11,Bạc Liêu,120200,122200
07/05/2025,12,Cà Mau,120200,122200
08/05/2025,,,
08/05/2025,1,Hồ Chí Minh,118500,120500
08/05/2025,2,Miền Bắc,118500,120500
08/05/2025,3,Hạ Long,118500,120500
08/05/2025,4,Hải Phòng,118500,120500
08/05/2025,5,Miền Trung,118500,120500
08/05/2025,6,Huế,118500,120500
08/05/2025,7,Quảng Ngãi,118500,120500
08/05/2025,8,Nha Trang,118500,120500
08/05/2025,9,Biên Hòa,118500,120500
08/05/2025,10,Miền Tây,118500,120500
08/05/2025,11,Bạc Liêu,118500,120500
08/05/2025,12,Cà Mau,118500,120500
09/05/2025,,,
09/05/2025,1,Hồ Chí Minh,119500,121500
09/05/2025,2,Miền Bắc,119500,121500
09/05/2025,3,Hạ Long,119500,121500
09/05/2025,4,Hải Phòng,119500,121500
09/05/2025,5,Miền Trung,119500,121500
09/05/2025,6,Huế,119500,121500
09/05/2025,7,Quảng Ngãi,119500,121500
09/05/2025,8,Nha Trang,119500,121500
09/05/2025,9,Biên Hòa,119500,121500
09/05/2025,10,Miền Tây,119500,121500
09/05/2025,11,Bạc Liêu,119500,121500
09/05/2025,12,Cà Mau,119500,121500
